Index,Customer Id,First Name,Last Name,City,Country,Phone 1,Phone 2,Email,Subscription Date,Website
1,jYSS9xjWkVRcKSg+l+EFH5an6ZrNEyqkOvzjtG7gEh68xSOKw+vtSGZnxg==,XX/AzOUaSoBaCZX4G2+c1kKwZr2OJR0IWGR6kGyow64NdA==,z336TbrpG+jdFfZUb7UMMAmj/RlyG2h2YDpo+6AQ0JMZtQ==,E06H0s3F9USBqUFZzyRYq3WkyOR6xwP5PYqeiXS4CS8Zgl0EZvnO5Q==,Chile,h/Ev58kDWM96BgWsG8aTeFevyF5PcogGpp6HMXrso5MZBAR5/yZ5KQ==,x81AH2K4slAJHE1ci87GA51cLjVDuRgFmLsmT6ingzcOttOu9s+uC2RGTOM=,5JUCNDI0p9rlLthGiCdK/Gw4WP5ZREp79HYeYUg1suG3VT52EIAYxRPAmdkjrQ4rRuE7OA==,2020-08-24,KvMMTNw5Sgh3WEldBoZmth6pnXwLxn7p+zIoG5C/jFqwo+IVjxwgo+izpUjWPtDPV7eobUOM
2,uDUT/1RbBr8IxnpFfxTFqcBmtHCFjUFRzEfJpZ2OT0n2fWlVWFuoHHL6Hw==,vuL6asCX7NjXYRZY6br1k3W+dYCO5Q7cRM5YIXRVHkWv0rI=,Njmk62yMXpVz1ppshFTCV52xW419EEfCdT4i3jmOURbFvg==,nyMqTy9BOImvx7QI7cgHxpoNWcRBbuqGYWoCMPFvCDX/dNIZUxq7Ms7R7hwP,Djibouti,b9IjJaDHG3whCRO1+r2uP/As0JSjVC1vi7G5cB7eM5fyBLLVBME=,ETrlnLk1Mf/hOP18xpa7E8MImXHXGbfxsp2AwECJxp6ndBIVq7qcuqygyl4=,S1yEh/plWxV6jEjIqZdSFoNJALtM37h3L/5FK9jldxJofdDbEFldDpgAFg==,2021-04-23,CTCMcDnunPXuIoAzUJteCx0e/doRpRo6StgcXP5QbSRMMD+H8FMtaZDPaV1b4AD1Jw==
3,rJR2i4FOVOKMoSNecr7MiZm8Z/UIcrZCQUhACIEbHKLIq7Kf+BmGikY5eQ==,4XAF+LAMg09Rvyq27iDqzVCQUinnTLX5svbt1P4AFQ==,wWbYVW3Qm4qJHuc/Auy+8pktI6JHEi3sU4Nrg41wFbUI,wqcJ4MXCI1eUPWHc6BKjFMZ1j4wpaZHzNzV6rIqmgIUmy3Oy1cvpkq4=,Antigua and Barbuda,K9gW6xHl7cmk+KUFfyasEH5PN+BB5cbzUio8v1PwvrGtsOFz8w3rmLZbNg==,xXJWJwVdRC6DraYijXrXyG2/j/Zavb85znxcg20S4RP/l6kaaik+u7lNdyhCDqY=,pvQRbxsqj5pacZzqmPXMCLquQwUePtXdduSp5HPFu95vOOuBmHV8tZCPHWf5t6w=,2020-03-25,1MD/2iZENlOr5EtGgCXp6ZsZ3ziBKi/rBKdFN8Thi7tilotpTbmHP/34FIVZW0uMrF9pYA==
4,vOcDZjLvvl6nf7YC+UUWsZvhylYkrn7rwRo7nV6Z0cILSHHvhN6G/lP5VQ==,2eY275J9m98KLPPQEaXW+TKc0DJ/1tzL5GlS8mqAbmS1,Via2t/m7sskFNpI7XKbSJTzioUj+sZfEcd4SgcDRLOxO,y+j/ruQFbC3N+uvZ93VeoJZDfJlzXG00sCB1QTzXabiNGJ2zVcg=,Dominican Republic,img0Eb27aKp6Je41AMIhVE8LYFSuBnwP0XfYvOsaecHcytBMXqm8I6K4VPOo+SmJBYc=,BkcuHeQ1f9/Yr1WIpxu5A7q5RCdWRSu3SjuJJhUg9S3/aKzV4Ek9zB/omA==,SLqBn4MuMrsoG40zz8IgUNexA+91cK3u2MH0U20izPSEArswzimJAxj2n/8TQ+Bg0m2M7tMk1A==,2020-06-02,EDkxVQDs8ouyRgXzIweDjKh1++xZIyUshzaWqfCZy7Kl4poJaW8ZcazAq4nUYVye/I6HS7Xn
5,nXUasQaPjvJiOJ9NgkW3p+8Q2vwWVRGw6U5w6TpouHpTcxL72BnR/2krSw==,sHhCi8rZruT7iST0Oi1BfcePgiZl7kOkks/f55O2g5yD3w==,fvL7FVDXRZ9rEmcE8LMdLHeGx0s2hRAa8hivdu2kSj0bXA==,hUB2/c8CTvMcgycwc7mmE3NJauD9GsOX6Lofx6jL3Oy7wcWX/OJ1R0S8,Slovakia (Slovak Republic),PEmRzvkN7TtI5MorYfGjsrDuuKhzOYG3MgNFyTaqaoSnzpuZpBm3wowevTGNBL06lN8=,TgYeJ2wtXEuVjmriCnM9/YXKqkM6S6Hhv5p0ejMmcBaL9dzxwXsVzJlQcAy1zFS02A==,QxbKfTpvEVmgBL1d2mzAzMuyCr6UHg+JZueWNsohY2ei9kXIAuoe1SuUlU3LTM1EKP5x,2021-04-17,WutGdmEnFV62jcQFw+ExUoy6MAEJMRq8sb39rJuJMSDylzb0bXyB7HjbP9QgmgxtbBXa/HMmKQ==
6,iVz5FUmco6mIlDGsK3/gpX5S5qgWS4wm73Ya8+yi3spMY98TsR89iF+Znw==,krInz/Zq2QOri41pbZryTfVW74WY5EW/HIp/q8rf7WfW,31fsPJd6K+ZKt4iwjod/SuCJrQW2160FZqQrKDMFxUVF,KgjRRmOx4Vw7sRqtNtjgSQZ8hopTEa6zdb5GcHKF0YoVIYnWmvv3gU8=,Bosnia and Herzegovina,h8UmzUElMUV0HfRJQN+lEX4WO0H8Rv6AZMgLp+bhqTnuL2KlJaAgOLMjsAug/ac=,klfMsxgcx3luSRzXy3j2cNOxg8bR673RME33qdGWj8bWKc7JIcPlKQ==,CxXw7cqxV0en3o2yeDIIuUzaTBkqnK0BbuXN6rYt3iAae9TDPsyhLQrH/w67ExE=,2020-02-25,rxgzw0J1ZSmVzQRKG3pL2g50ycgXhcJ+cs/VQUO2SRhhIm5gOIjW20ucfQfxXQ8ZHlc=
7,2CY0O1oLG3hCKnDnjttslb7nFmNHngRwhga09gfqvg2lcQ/E/nmcFoF7zg==,Iauju6GMRJDdn3DkXcoPqnmU0L2QwqWk8MnOb5Dh9kR+aA==,fK0jFdEt/YswO/PXZJ464B/C3Yl7uMtuAuIL45Iysdc=,iDlXSNzXQUuENJtKPZ9Wc13fj/E3azFKWgAVUltYkiuHCxXf,Pitcairn Islands,UqbxO43EMAsi5B4ldtdLrUiT+BCnXWwahPQNLrXqgErSI70dPt2r/JXWcIJLvw==,6j52xzSSJZKzg7vgnqlEN0Iw8zK63rKdW5x8EikqeNcxZ/rbCqLPDDw6cVmrheUY,Io8siQFC/+vJ3Qw5AoZ7sSG5YTBGUdeVWLvvT40EPjntWN5nE1J8HNxNo8C1qDE=,2021-08-24,H6W95va4z4yOdpBrGknH7TWoE90x91tQAq1t0Kq7R0tf581gUZTClk8oJbje6Bs=
8,GcSEX5HzUlxufl/4XcdPeGm7GlvwpaWzUrVs5YDdYQY6TWtY1017RqrtqA==,Fy8t5kNNstBKNM+72C7TsWh4A5zShi4FWE4sm96OR15S,BIZtXk3dUN6mfmMbto9j4I2eIMCpeMp2HxdAgj0dDaX/1g==,xqhVRBBd8Ila8JBXy/F9Vx/k4SIeREMzgKPZh/lwAfLvRTo=,Bulgaria,j6X8/ldUpX5svMkvowL2FydWtAsXwsvLEJ7IzSoUx74tJkPu5XHJJQ4D28BD4gH2,TegWpC/qiO3F7woQrrZiohHOwmKv48Cw/qy8fLwypLcN3LHM0M0rZNQYUA0=,WHzSYqfyNpYn+cL8W/LeT83W3woZxC9WBWVsT/GsLIosw8loYWyz3iRzVg==,2021-04-12,VxfCDkZY0GMHLnFD5upBum7RJXcTKIAGCL1cqZzUXjr0O8R9CPR0nZHQUAb/UaCVeaAdUGe9pQ==
9,hI61mmlZTK7MhnqPxt6ISLfdbydnB/kBYR2vAqDD+73P2sFrlttOszKQBg==,nXGeg4VlM5yDNKyaqtClLXepyE5o5F6ouEtidvi8YNxFtA==,u5AOOEdJEtcKxxXUz679WodpO+FyyxPu0v/wOgJQejOtLg==,mhG+8foRPyqc7wnTb9X1fSvgk8ke3e2Fkuv7E/BOVVLohR+5p5Cfdw==,Cyprus,duuPjvmEOCnlO9l2507UJWL/ghMblrAPbWYYxqNLvINGXopCY1agZ4NXUEVx,vZzinmIjvhwuj6mTa/DazCgtgX/ttFQbX0ep2TlzBJDg86/rZAHWbT0qtH0rqOU=,sA+UdZHq+aptL42MDci8UO/suzXOUybXadxMUrkxU4bq1vT5+JuY8z0buuZEwWFQBqTc,2020-01-13,nW+EoMMDAtK8Or0tfbnSY6AWZKshaxr4qbLPjXpHtIAtOvYU/XIUbupMdFWpSHvidmLJ7w==
10,qxzVPiIREedIJ6KVp+VoW7TD4+ot/bPPh9DlPhLcBcaf1ji9nC5WUZMJiA==,mz3S4ViVaUG7SlxP+Qb+i7ARHM2p3PuHU0aXAz1P0Oyf7dN4,Ybsh2437ZYAgmBhH2lPhrf/gaxUswoo/9PJEK3x3cfvbfPYYWA==,ZKfH3gJcwDsnV7uXikwamHpUjbpGbfxwBrdmdx8o+DPpBIfencw=,Timor-Leste,gMG8z0xsHmMSR0Puvt2ZY6Nyox0Z5ZNszezTZrC64j1lONR7kIVqA0bCLmc=,ijETQxZtbVX1IuzEYdyewxFvM82lAdisYdjCYofqIP+xlGh4+0hQOzeY89EGxEt+,sr+YuiNltOMCjmJxnaU6R7auoLgm/s7+ZU9MJFVvaDcRTefXkaKt4lERq5yi,2021-11-08,M4Ha/B8I4Z+EkTT9SABvlDEhqbStGbJ+GkclbGBvAl4abTKlt3+O1fqui1Vw+w==
11,juKbnoCs+HM0fWndX75z+wETed3uuLDetUXHEH9N2EKifzPF4An9ecctQw==,qsVLGv0CaCJp3wfd0hVsBbJjA5f8R3CDn5KkzhMyUZU=,8TX/q1Iq/tWwGGo9GQvUY28GtWRYgWCp5rpeO4oqSiZMfqRwSQ==,U5Rw5Fr4eQzhkMhR2D70F7JgbY1wfJ+9TYeljmVUsBoSjiDLbVfkUg==,Guernsey,qddoagT3etc92YBNsI787zNdNp50tqV6+U5GyMdhmZ2t9tOqQYkbgbYBKPU=,z+M1+hRKyhD4OZBwYIamtibRqaWVUwHgjGYhM1FbEQCVuiOGShq/SP1BFHQ=,y8oxMPFwYeIuXfx3lscBBALdksCBKBPxdEm5Vrg7VJaEXBTGGx1XVhXkHWzPFQ==,2021-10-20,MZ9uo0yg6nF/HirstwTS3pJvlumOqPHs80+3CA+TMXDfTykMh24suHBON4PjkovolNlZlDNt7g==
12,8vseKojeoobOoz+U2plVYK+dpWhKNVnPxl2AdZYScOzZHJ7NirlVoG8fJw==,kEPoFsUYmExzkq8wX02NIIsBh5A1TL0SI4bHUa2pD/2x,4EGkYhYQUSIRA4uNuX5s/BVCZzrksZJhz5/u9Tk+IZjO4g==,jY8hQluFMchoQXDkV7B65SjVuX1bKkFSl9dVmSYGH1V/KP0B5jY0,Vietnam,7Dfu6ZYO3S3/Ak4chNoFpVfcqZtmAM+U4GC8elaC636qR+cBu0+1zp0=,QGXGgbB2QouxZB11kFqEJvVFynk1x3Pjt0SKpCV/NU6B6PeL0Fz5x5weDLH9FcfR8w==,Gt6TwjFhI9n2irSXFe5bxHtNyndX6l9v0dYZQzhjvo6AnTJHsjAlBiynrOa6yw==,2020-11-29,CAfbwyryKaR+T4sFqjFBlArSzcoUUsmLWE2OJNT5w5w4GnCvGQVUNmO8LhV3TjGeMhfY
13,poBh+C+motW8KprQiKkIg8uvXhhsvMVYF7vAt9jVKIoJxQ6ReL72IXh9Sw==,Y4SzRWtCI2m2J6+HKRS9z616dxeuNAL+7dU/8a9R1955uQ==,IhclXcfHDdjjh0j4FBWjdNltGuaptMD3trjYRpFgofU=,aJgLyVxtmLoZRaPj3k7IAjBtV3ICiYXn5TN4CsOds3BMJbPxJk3RENBHc7h2,Togo,pLQ15QHg/FZGCrGsRIDEH3WYIdsiFsYi+zxqwkAWMUE2CCEoXzzAgfjlH08=,RsOHIkdnLEx0Xe18Fo3HUjUUrvW5mPGIwUFod1EHMGoir/H/8f4PTew=,23tFvV4+HP1Xz2t/HSALIvgkdiRPiie/k5CnKpEljipogC9h2d810Nhy/DA=,2021-12-02,bAE0FTbCYyO1hEoTyRoE8ZAscUiJINRI4GrbMPeuESuHlE8vCCwcILEXFl/lNl/D
14,prykKQ7N3thiwQ43uP/TXeznGN5e6kE2rEZXQ3hO7dTNbRXlS9du/Ih/Sg==,4TrynUSO3TVw/Ah0rOQv3NZxAbaMfrSwiLHsEQ8+F0v3+dD4,rXav16xlL5ECeFa3Q7RN2tudzmtNYMh0vIjKxvkRIA==,T8TolVYmrAKUAEHngsjNGUd0GyURJgNDmz3GMPdJ8Jx6eBjZ,Sri Lanka,Bh1IuISg1OS1wGYYRi6L+JirMS+nCN1JFfvgLb6peYDEcKId97cHmAUitkiI3Q==,jAX+D5lQFvMUr1yZFbCxbAHvxtSQicgHt4ZlCBqfliCetojfPr7DKd2v3id37SsD,sh/8vqNQaA4BoRGoRpr9vcRHMF0ShHy4oPJE/uhpZCCc3O0VmeQ0SZ328+pfr58ZXvjaoA==,2021-02-08,9h0EmggdPHgvkGIzs8lwTMVukenulVfsMO6nGepu9ChD9T0Lz5rus6iYmCdYbad2GmQH
15,t91PsGUEwBiG78nr8kiHhRrJeDqO0d9DYem6z2ep5Ck+ZoKNrWY/vA4DoQ==,63NdggR/8hOKi+KaU89yXsGAWVhX1xh1rKpqmwzW7cVq,+GalDIIWqHQc/92g591OTKnM7dZA0DfBSDA3WL/HgYw=,GFdeSkt/MHeKiVtmnEbdfHzYTZXlIz/KGAEJosBmRQu6DuA6yA==,Singapore,0VMMZFo0dBAMbkDlCGw4rYFvws9ECp/zRZgzqzs33OGJhuT0DbcZo5/hnxoVfA==,TeUVfglI6v07Be43u9FxqOPKLdLxhoxkE5sJ+PUSuh1NlLgSw2vWjQ==,ml5CHil65MCxZEVgWEHCtwX1/NcLtSAKXiFVZSwPs//9pgAnhA8Lb5vCVqw0e+ZlZXSz0QE+hJM2qhTaDA==,2022-01-26,g82nYv1Zi494ZykEBwknuegVnpoBVdjeOs4mGiXyCacCjsFlIRyErmnjluDTPKAvoQ==
16,9Ng4g+X8EFuQgdGeb5/zda6R2VHXDNB4QzoIjxVmFKc7RToZ4CaU3CJIiQ==,SKGaIMeSIEFKKAouTMxZgI+lxlxoRWITNL2gpEwxm6pQPSw=,fnamAzyAfFaWSmwkK54wylmoYg9yOG10yRI8/O1020y9Bdk=,oTS61GWHQIKKXiTm0ZoopAePQN6iHQAYmEy806pbOGefXpjf6huHGA==,Oman,iasV994ZAs/mx9Ch8gZrupiXbveSgIwQGxU2bvlUSjYMEjzjDUEACz6hmBY=,afg85lwLS9/ClpeIs+bTFRhnPvE0l6/Xu/x8LKCvJK13XyFJ0AIA7vCiFFo7VmDNAg==,Bo920xesvJOmj8rVWMKcFEY8UUmLNPZRhmGThkep/WdO2fOaHNMnu+6L0KkFeosJEbNP,2022-04-12,hf1pnyubcC7++VYlHMIdOlHWdK+yq7MSoSpsdDOPqcGkAT0GGng/VYm0CrY/6g==
17,kufUYaHdTrZgDmzlCVkyWVaj+GKd4LRflekxOtI2UMW9jG09g9YpBfJafw==,VKTLziVe8b8Ob4ThEL4Pvd+Iw/X4sudTxU0pDWTEzdYefL/f,SExwRtNhlkM3nKzNM/bQYk+E2PKCz5Se8ZfzpinGv8/O,7ToUW1EnA4oqmmj+Mrj1aTb/ZT6pFtLsfd8dmki7gjFE+xEroBNj/Okccnza,Western Sahara,nr8wgf6LNWja6YSN2U/ve/MERQkz9Ojlx1iGY+deEdq73c9ZNzj2rNoWELrf,6EdGmFozhykWspvWRtVcNxJbBjHyj3lJRYQ/z0Yn55n8Blwr7Bt4Cx2svwi9AH/6,br9je1MTxuhGOrN7pnKgrUECmwvj8n4vCCGQ0ZG+gdZhkisu5EPY4gNnEdN0zIpSU6FNsQm3kxaE1CEPc0U=,2021-03-10,u5ZKE6B93pBRMYbvxMJEyX66qxz+fRNXA28w3vGtVARvK+7zk6qqb1EQNR7KhJRUuMnvPs8Ctw==
18,7u7jxxxdCw/O5uOJjjnDREQemPieroqGYj2PeF49TLQ5Uz9ziR255Cl/og==,M5QQT7CXtVBEq6uSg8kAnzPt43AvWkTHZ7Ugj2QTRFE=,xslAb0v7pG6cTLeBvuDFSl9q7c5aVblTdsO/y4JK8dM=,BvnKRYQFOXLVd1bdrR8EGGAxHW+Qcan57PNji/nEWzZz3nFw1vZ8,Mozambique,70OMEg6U84tBYtTx8UFoqoYdNIVJ90Cf6GSMjfEWJpwa9LeHYqgct9E=,DMpnD/Gwmzyxbcb8jHp1isELBghCpALg7IKKum3ARrKqsbg+U+gJoKrafvwmAQE=,UZ/IcdWM4qMrgsiXlNSU/KZbGmdDGNFBjyId3VZDR6/f7Y7xhMz1CMw2TgCls3yOmxcS,2022-03-26,MPZ/7nJtdHvyWSsCLA6jE+5cKGGI4b/V6x7a4a7S+apkeEePzQtpx58Xp/NNd7grM9znlw==
19,l0ENrxuokVyIdkaWIdje0e4FZN9S1peVVWUtbrYCaRFBg1ylBvUuAxQzcw==,EurKPlztGA+3Xfq1o5RdQgvmr4Xtm+eDCwO8E7Hu5kgyowyj,ExSOheFosnGvFt+2n96LvMpVcVg12psb++9qfYADACMYy4Eb,HkCBiufGbeQ3f6ObGhgO1I0aQIwL+HmAo32LWsRw9YV7AqM8aSM=,South Georgia and the South Sandwich Islands,khugWk5ZOWXxRrAPApJZcMVYJIQ603dhHQ7MKldALGO14hafv0R3yWPwizZjYEcqMA==,L1Uuszc1TWzyrA4AQ+V4QEqZ3wqQobAfH8h30qAp8/FeAXbI/spwPqo=,iY4nlRB4s68n+DggYZeD5AHTWAaUUO/pRk3w6LHhRNRcu3ydnsMx/Lawtq9yI+I/yQ==,2020-09-24,lg14oS/NB/z+q9lbxHZrYBireVxMy/PJJa5T6d6ZmkosHUxnQhLuFqCzua1zgSsLZmU=
20,klsayVwFrfVOZ77JefGhQFUbho+tmsS9AbwOH0dFsPlLK/EKLiP9oprtLg==,bDVkkF4QptVNUA0EfMienjRwWMZdZsQ3D8FKKRpvrarlhg==,0ThugnkN3+02D3wP4CC+OZgocgbxPrVZaGFmo/d/c1c=,RjEhyKbscQHeVfLyXefRLf0p0c02ICekxpWclXTqHFMMGeKCoTk=,French Polynesia,qpQfiqYRoZB+gXN8bp7cJuvN+aSFfJjs+2pQ73QcyYnQyQ0adnpbgwpBZZZa,6hPXFh3hUeaAmF4+EXs2ixPTMQCKRHTU7rMTSRZUj2UiKA5h90YCgRlOOrz8oEA=,O6KKk64xCfifZS9ASqJ6F4pzOJAiTI/kYlwHOxZLcX0VZhp4iVwDNfE1odH82onkjr7X,2021-09-24,mbBrD++OpWpWA+kl+kXmCji46CQtc59AQ+E/cJB2FcKFeSCByd3isd4IXRl2ZX0iTk2pWg==
21,sHM36ZAp/UWmE+TBpY0lKbnATjRkKniFLKpCS5KvGaeBHUM/KlNFqf88Ug==,iSDYdn0AwhCJtBWoT2c7JXfoHgdQ2cp6dlDvaLgI2lnYrnc=,w5vAOwCBPw94uHoK2O24JrPchu0C9xmmIV/NoI5w6yI=,yqtzfoJ54/raRv6UdL4NCV7E6Wsz8A4wM582jqAwtPCj7TSXfTM=,Malta,trIqDyeSf6NaTNvophJ7XtyT8TzLKKNmFRnWYsKyN75UgD59nG2kMA==,GoEg3vl+4UlhvPUJ0eN7fiLz/Rfe2MhEmzjnA8QSeqfhlM2m+a6tjZnv0EXd,B0KX1NK9FmLo/1fYDbCEH60r1hsdt5pUUWZ6pjBKejad0R63pKmV0sFZ40jbn/P5aJA=,2022-01-12,MZWHLRsIID9lC19LPDOLzljKqs/nfITsivfd8AylZQqJ3/MBI8PpvZI8JcFEG9RVJ09Z
22,80UpxF45m4p1Lzvrn44uPMk2uSCuDqrWBHnBzdjqOgiJeqHWYOxZgmdycg==,T3KCGikZa6vIs2HWWTuMj6xJ2o7jz3rkb/yk1Sfr5mT1,K1YQ9wbmcw4Iki5qLCPnjcFtrlUsgtmwsmbmruz1/U5sG3w=,BtcZXR0a473oOqWoPF9dCM0rWw0OM/uU8UMfGAiU1c3uNNUBvgyV,Netherlands,cDtzTDTd7xoCkOJnjnnQVPD2htuV/7ZlPcOiABrGelRanreN9oq3TUcvg+8VSRM5CRo=,4ZxL3/0n3y0Cg8cd1rbfOEEg801Ud2bnJNeRSWdXcAYjTuxdDF/zXVki4oGp307Y,eA8lhC4CTAvQDJ0PCGNQxQw7AbHpHyBxO9wDBnDJg5UTF2oPqCVYNFL1juyro0eBrxa2IvsfvPwBNKEH,2020-09-15,C8BPAlofmkrpCVr3T/V412cY9saEX6RMW8ROs9do/KU0T00T9dBSGwsdC49EE5JeJXnS7xP1+w==
23,qNnhjdJ5cyni+7hvfA5UfoV4v5EJUvdn3uyRohGogg1kc4Bw8GKzp/ezGQ==,u+UUSWAC3BTQuX7w20rAdYUYHrb6BpLOD8dLaOHLWiwK6mc=,EvqIpnFVCxCWfyBTZhwthF581Xff16fXUjF/jnBmdjR7iQ==,b0HyEQNA5R6xCTNznvQFfgKnSaccIl0Y5dlB0bAHZcm6lykSZJ2I6Q==,Paraguay,S2TyUBfVfU+l1PWjfnE7HY2p5+IcTqim8q/fFbNJCqL5eoEHU2U=,hTER2VfbDSFTYy/1UghFZiG/fz3pvO727jUmouRQ3B0vqRJ/TojOic8UiVzLDg==,9C53M/L11QQ8gij0E58LR2TPhq3nUQ4Lb6HVgfRdk6ZrvBWFSTWCSbIjd+2no6ogPHYDXurW,2020-08-19,hcTWnOD2YObeSerxp6L6Nyb9OSspAuaAoLmYXIj0ZJPmsQVsmJORyDMbc9Y=
24,LSYWrE0Wk1eOFoSbh310xaLsxB9Cy9y2Ym7X7ZiTSXFZXHQgdHfP/j78lg==,owgqqDg/+mtlQSAGStxe9HeH/ql1KRMgLgm2KlCvMvfa,fQGSjR7w1kyXaDN5HmePm9uwaQqPljOo2fV6e8wSnQ+tZE5xH1k=,vI4XJldAX8gIc7mwwBj72eBVAXwqzHF5iLsOSMwiJ8SaMfwVPJ000XQ=,Lao People's Democratic Republic,/9ex69AlNi+446csxK2voj2G6klEcV2GN6khWqDyug8/qdyx92dxIQ3/ifWj,yxWV1BN8F71NPSJmvvGZ0EOGIigiZryTkZAhXFUHOBBmngZ/tNEmng==,NEKBhMi6GhtH1nhzuJLmoDGWVvHwwq3vCS3gHxzTN+BX6r2hnD3wbSQl9r1wGWzEgQ==,2020-09-08,MswciVD25zDQlqI+MizwzG1NTFAjgUK8nC+v4iZMQ2rMTFP4IkbFwqp/dGYFoR4=
25,6g2eEt2Mvhyxo+4chjbYr1rI4OLj6XyhS4qnNKNSBP2kpxaAnZgSfJS3hg==,3dDufmkvLGkeVNa/LRGo0NDKouh9xaM4yaZYUbLKLcr1,0+2sVCyPK+8UQBHggbQadLy6/A8xMcCXp7bMCV4TGpaAjw==,XFXHF6fKEVC2ZwmenPfMCmNo5mjLoTjR9xiTc0uJNDWH2rvTkD4=,Albania,gXyfGwCnFLk1pkKBDwvQXiVnQsn3PkYhLxl2UjoCwCTDLyhWZvGrSXXAe+0jooI=,rHKVKaId22ZLzaH/CgTqqMkz0qPdt9wLQO2Y7yrr8WZYZkyDyLPN/A==,LBNUJPhOGmGuWn5HGp2L11BIuJ7HWHIkEfyvySbWSuc55syup0YFyFpM2N/OXvQ=,2021-04-06,rWf5WlS4qfbkgrB07U7K8tMFIyStlmbdBspt02cuageEORDEUTbNZzFQ4cqljiMJrLM=
26,u9Hjt8vqfmK0vqZ6nydD0V1iQvDA0IPgnt1j1a3tItr1LMBqadRCQDxnFA==,ZSXdWzD3pwa5O2SQW9TFtPDp7ZFa3shk5KMkVTbZ4ueWyA==,flD1bNcYGE3oVYLBq4dqyg98yH1SHEATc/x1Inlw7uE+,4k84BAMDl8G49Is8tSfO3WplbOBOOf19IfErl3I8kgYfsqh5SnKI,Panama,GyG74CePLYMtO3i4GgQ348+9oRMvS40A5belG2VpnWpHX2NWnRQsiA==,kCB6aDOybScxK6k6MuUT6NQOFKNunRo7hmu6D8gfQcWTZgxnKDHwJIxV44Y=,2KfJ4Hc7CQ6LVr1e4vRAfA8w2OelVmjqUxnCaTj1+jhFDZzqsQaNy7lAyNcJNX5/yAsxaPuDi+LITgM=,2022-05-24,xVouKG9oxiar4VsdFi/fxLxDWUYiHBAK/3sGdK42q0Eq+tuChXXqL6zomiYZo/WBzIU=
27,RLOwIZOWjDCwC9S8Xoc/FdtvXe4PS7piM0oqrbrCStCdAtlWMrgW4omgzQ==,sRteu2ja3kWDN61TYmF0usE7t2+1rIpjxHfnpJmJrbpw8g==,P7qgEjEoh6dGncAX7HBraXlguJUSoQpzG/DcAQmspJPZ,cht9HmL6DH2iSkExe8wow1UgAPE/jkSrLfRNXvghxUZTMW1NgBKOIA==,Belarus,GhUWPCrsgI+kJJdWwDQGWuocci0D+PL3JAMnBMfywz1/n/Anzfw68tRNQOIyvA==,TeG5ddCmgjrciiTRYMiXXkyjc+6Cm3425pkKpN+BUZ0Iy94kmeLkeQ==,/qhHsUYvsEzVcklzICr974Bzu52XGENc3yCvQPBhYl2tss7EFpbk3yx1QxOb31Y=,2022-02-20,9MW0vsF/cPkjAeebsMdP9YqiInfhiuWKARtRqpMQONFQ34gROKRC1grw7rJGOw1JPwjWKKM4wQ==
28,3NXHZkwzZ5LtluReYdj5giv1xezkyP23wRUQlJt4B29L4E9wWm/n4/Xjxg==,gHca1sQan1woRga3XZ0hgt/DVRB1zpCH/g/F58i0ZkCnGUJNnQ==,Oj/0kvqW9YLkVXwq7SI11wD2GXr3hn6pxdj5phK8fFMshA==,fBxy8yoICAlSI1yo3al0N5akry4fl6d19sNj38emgTWUmEjzBEKBpuhMGb5S,Switzerland,3XSvFjstCSH6nflfC3DFul275zhN7i8PDVunnjtHcyhpwnfhh/bcaUo3A2xjQ+J2,6FIWVVXvSscs3O9LS6DCRiWmnifvRFqrPY6okhhsDR8wMuYmC4vB6Q==,XIoswiDiHKeK+geJk+6wOup66DPMHF6YeOnVWX3/ZGULej5EDQ/NKP7PYdK+w9hm,2022-05-26,BQ/Q+YWk/pH0wtW5YPqAUOJn2avRYvdRQEyJSUMD+Ls2BXQ0pK0wdyR0Hfeci1rkCw==
29,mxIe9PBpHTsIzkSjbM1hLzMTq0aJdC+wLnfIeNksfRWAh8T+RCdDpKyWCw==,7Ft82MZML2cWPgWqBvwr7o2j6iLZbjxzs86oZ8AoZjCMyf8x,sTdKQtcZLDComMAapMKYYTBCvWpacnTHT3yQojb8VwcdIqRTXQOY,Zed9B6pBWgdwLKBUZCZ71AfNKCYWJz/mCmYbEF7QxwF37HN+AcPDXw==,Saint Vincent and the Grenadines,CNKSUmEmg6Q+wvVFEaC1+JyY2AGN1TxmnUUQgkl23cNBB2GMKEdwR/k=,3szrgHtjPphCA1VTlLx70P+KxjOUw5netMPO7866xMvaykU7rKzhYNxdIzb9mRpzxA==,9d6GUDH0RUgz7B6Zeb+dZrCagH9fY1wp4DMCKAG1vzhri6ouBwwmeMXDfZtH5Q==,2020-07-30,EzIX6mzfCvVJfTe3n4qcZtpfOxbo7bhei+joLg1HVKu0yxtwE0GcvpU+uPKWEEo=
30,WrLLVgnWDUCbWceYs/21Y07UpBs2qDM6eutFj55I4vJXWpKO9jG42HpVhg==,8Z9jp/w8PDg/pAIyo66UgjCHxqMUKNOjFiscJrF/Pdc=,Ji5xcm3l6yXYC1z8tFduTV7wyw0PjDbhh/Hw7jJZubuA1T0P,Beip0btDqRXJONAqQLi+0auqMVCx/z056HMOlFseco4HNVhWXMdZcw==,Tanzania,MAzo21kCl1MjkQ2itXudo5HcQfVB1Oov3I2INJfxnQHiHes0ktERMAe4qnt6MW4=,eyg268FX5NVkT2JYsYpQVzXARxBMg6mh0ED6gxJKxy2rqJwp5LG/KA==,CwYpqUbsWyfaBe57r1/4mrsmnKGzU0rlzI/aZymGeTlk5VjLmnx8+oR60sPz,2020-04-26,0XcWkdCHZq6j+81SoahAz/+pdje4R+RFHK5eeILj+HwU5fKC4zU/X936+pQVT0WKgmI=
31,+awXdun5MHd9EtHH63VTQeXW3eeCUn6FFCkWJAvwC1BJ1KNRM6fcRETxSw==,1Z0XPEKzEuNLOWsg571+wd0ooLt3XC/ZjarKURLnHUU=,JCiYTk1r15gEHpAjtuiYo5dmbNqHUOvIDTq+4qtCtpU=,Wt9nN812yClpmvyGI1NHfldDn5gL3YyFuFGuwNeHD8vbGgoDq/VF,Zimbabwe,R9Q/HQi20P1Pv1yCVE/rHY9EQmnPjBPifw2gQP5fMWOjZaAjDu1wVonFJcSvqw==,UM+6gIwKj74jRN5w5cpPeU+s23No9G7RpKlJTJmvSx2eQuD9F9P3+HdhaXG3,KcJi4ttwLjXoLQxAv508MI6JftD4EF7RqiQPif4+Z9IlRFR7GN/HhSgibv7JbxuFeaXS9yr/,2021-09-15,Jh7/69gbcA5aGLSppKYu0pp/KcF0RvS9Va0j1zLOU8EbHmSv71FcROlr8aXXlT2Ez4xb0FRVf2QQMw==
32,potFH4Ak9QTKBWS/FcenAWd9cO9yFB9F74KxXVA0WzN7QfTkIK+Oh4IjEQ==,Z9J9mpLv8CEYr3tTWAObK576enDdh+UrtcQcZ7taPA==,yXYbUQ3IwT0wr12nlnuUviQ1xSYiG5sj6RBPmS4v/hlddhOw,ToU1xBG4lTdAhL14DzuoxktyUsa7h148PO+2AwMTqpiG8fazjj54RjZROhcN,Denmark,cVzh0FhafiHw5PvOoay+hod2wuX3+a8N80Ops0PeMmoA6sas83WX2Q==,6vNkvQzAqho1MAV/Y1FqT+ESNwDT9O+A5VP7ouMUnt2hhpgBEdqxo4k=,6pSGIaJXV4dmvvP71Davn+MjlgS/507l2RKYAKG4NUmvw/ftDqim96xFfSo0tIu0,2022-01-13,WcI6pxt3XTiHiClBWOzamaNwNUmeaV7xcI3Xc2Ck+jklT36e+vWQT2KRKSP4QMQEdKG9iZ6zJVpV
33,ODt6c0YgdW481KhpL72hA3cWtmLxzjUIdC/qnjPUxufzI43JwXiYOsc45Q==,sPYzTVbsX1eGRuDv+3Kewt29ttI0AQtKeEmyOUDk+zcduDg=,5grSu4RvAM5JZd3eNItLgYhtA2sRSRWd0h3YXEtu0p6U,nTuuavxgwOXetiHxxm7LVCyOJbzgQkGSrQAvHqtKzdKs9FsUfM9lXXo=,Liechtenstein,jJr2rG+ITN8uV87YU6dn3yG3vF5oxRInjnl/9N7ld7GFljFkGqg=,9hGMrlA8L572aOBFPLv6TIa4QdWtYt4wTQzBmo0NBn0upt8GkrNCPM1tqCzQXg==,L4I+td0ODLUGAbh/mVvZnWz7M8y9KbEqZ5knpQjpPQWLORtbwZlbNTSZDcDSMFdo+68=,2021-04-24,yDydTHUuQ4TNTw+2jdX6F2/Rg7q5gCKdSaSSYFUndZcafluIAoEFJLzyRGZC5MYetUrSlz7u
34,eq7orQTbilg9BaKVs7+HS/3krA9WE8psD0EoQcvpotRVMC6Suk/7BLV7rw==,qyF2UDO9W1Rs3i8sHd8CaQwJgC5oayU/0DauwDVD/32Hn48=,nTGKcMnOv/AONVGvGyk4TC8Q+lcRE4u6pCOD4rVixb7kdiU=,M7CjvmqL6KHxb2GbMjU4cWjZ/iI11tzjaufchLNPW69YcJYiXSBn,United States of America,DBUvqYlQupNx5oB1Omwq0YWvH1ExzZvSH92do86DlUsQDbaLueE=,7Edrfe2C4sAo6R8PHk1zTARRKxmTqhvZYDodinbtY9p6mXjjJBBDuIbFr7B9uw==,d8CAXzWxwrfGzC5D1LYMwkp+gJ6fJVWuIOXR70t3glPBokGLAumVsqJGGR4voRWB,2021-09-21,hNC7+jH/zLZDsjmWHEaQptt6yUutt6CRGwu4nUtSOX10o9vj/vC4/N3tD+Q=
35,FdQebuCQBV4FzCPfGx8EowApkTlYjB3fjhhlzIGGhRQ8v7nYkEmr8h8FjQ==,yxDAlV4RXky9j3q22KtC7SvCtXLxEgoL/jYwaOnGCvit,sbdY5R9IVMAcVKryddf3+lmiuWrbVAiXCnHxPPyc84s=,ZM8arfz7yLY3bFZGL9jMGJqk+rJxqr/tJbUbYSIVMulLKu+DVdJdcoK+wcE=,Bahamas,iwLlCBGdtGd21u0JX/KeVq3aYQninxKf38ygaqsPoXHzR8BjPyDto2W7RZdMxIno,tGWW+gislFaZXuza4eB36iXUbbmIbBbWriUNQXRcc9eAhyR/Rp/EtN/6/w==,7Yn3BovPtvQk2hWE0N2h1bc/2AO6YAsFPmz7Zfed7BjqacqFV2Vmj2llc6Ke3ZoSftFuDRVO4M1TBA==,2021-11-03,bb7zmCjy64cM5b2mVfVWut4jDLgfOQPywXra2btY2mv8gN/qDxz6/GUTU+rtD/QnUtwRGxOvgOuU
36,/QvIOa2G2lweIlsYneCPDlOdfuFF22OKo/yoBJAk+zn9cIep2202VudsYA==,k6qSw28EMcbQPNURbiiZqSR7Fhjkc7+d1MXukocgDY5CBQ==,1KzSEwqUxh+cyZNrxItZPZoDLu+0/R+Y2sxM85J6lPK4,9RnKSAgfGBihSDeZ4OjaOci34TPINwBrMDlRgNHOwugI6BreuoeM,Belize,5aEQnuair1F0GPiCjeWB8TNRY3KCjpddgz+UT02ANZlzxCwRJHzzUPiDSpHURYhsTw==,7vLJYdbY7Orcgqi0JIRrJCE7E+5XoLdEC3DADw9tEk136OSby2Crcos=,a76nL7VKZXYoxyxfdd7RtZ93DLt+eMBpA2yLub3zpYBtx7HdsY6rC1oaK8W8Auq4W91mXA==,2022-01-04,VZ9NN+txPpwfeNL2nl+Ku1Gu44mjPN6NxE9yyI90aV4M04OBLWPiMDVqvit+OXBdXTV8
37,B+R0ouOpaGcr8Bm0ntFNRMmFdIC4x/fWMRljSl32Qz0+6ZJC+QTZ2RjdTA==,my4GhP0P945lttWlWzCUvfSCw1p8PuCNFA6AJMWwDj2Krg/1,J2lYc/6VsjIWs42Ag6dIMigo6nCRAVYDRL7LHtJ/eEY=,inHnJB9klYf692vUsPAeNkoYL5Z4NoCw4rf6gsy7CRxPid4iyFL7+g==,Uruguay,kDqdfUCO1FdDSuvjEbmYx6cLwtRE5MyXOO5rx6edljDZx0TqNajg514=,77ALKqsVOfb+tjoZmZ/x05Zrx5qAP1DpPWnRybuA3N2tTg4KU1bd4Q==,k3i+eW1utHWn/XW5e2LRVLorjHO0FyMFIVKvnfvD22EGGyIT/p+nOncogBkL,2021-08-10,Fg+rYj/MOOJq4YnhfDrWMfhL4urlMg3IUz6leX//DFDPVJsEAH2Yd+YdrMgz9rbqUNhXwJNk9NEsLtAEEg==
38,kgoNhkUDc9/fv2SPmLnF+tHJuPVzUUEV0EUOBqpdpEGq0h9cBjzMf+9l3Q==,5BTcUgJZw+uUK3isYIsQdoTkbKfwdpgl0+5cBAdEV3Fp6Q==,IYUZ2klPwxKDsIRdYjdls6yb++0s05gJ9zqY+DGtWQ==,9gra8e29S7lKnn6EyYT5BOqxY/s6B2YWKj9YixnI/Q8WL+JIzyEtKw==,Solomon Islands,OAtN/vc5SnaRqKapyNxLPRBWcZel7wBy6ZafC4DZfgFxgl8oXIQ=,N0o+PdGg/4Oy4uzfAzkgRIOwbgEF+RepTRkEEjf5SgVps34vXvU=,zoW9DyXthObc99xNlIb9h6Bp9REVnvVM6RUavmxrXpjdX/xxQiTgCjtiz9YtM33NEzFLfK7GNSk1ReMVCXA=,2021-02-24,FJPKfVMjvKu0Ibse9z1AxyyPfg2yRWqkeWHtcvBDdzx33/hi4dB1XEodbfl4Xgk=
39,Znyep3FgD2tjYkRe0jzBBWtNS1jL0qhW22F/9UyRa0Xs4htoIDlYbXVewQ==,e33kfDZD+EDjhsvo7bo7cFBtxXzrCT5bg+zBGiKNVnfy,yUoIwjX214n7H0rGQ6Pl9pMYGkdV4Qk5N8XCmi81EdojZfI=,uNIwOo0GnQjleAjDXw+53qc+oSawwAt6yccDMmITodFlFg25eA==,Montenegro,dONWyQFyU4usN1RjywkIr4NPK9Pk+d4QrmDDnLrhs6E4aHIcWsKL0g==,9W35hXtRxKuim46RFAUYu8jaRgqLPN9Rvf9T4ICfTjJDF12phGRoMAPgkvRmeyosXw==,Rs08ZdhvTEntXoYkI2nvZjnl+A7el3hd84baoqGKJvlCP/G+L+xAFO9ZmwXJ62Se,2021-10-22,3JdjtII287ZLmnXG9e7HXpHIDAdHfgZux5D36RMSzgpG6Xb2ibCstCl9YlWdavrmcTA=
40,5VEGRUK7tfL0Gq4YKj6pYTMaFLgMpY+z+Dme2gEpzgNoF97yZ0/9P+YAcA==,tK4JybR2KnlOaNyCx5C4ElyWDFtzzoOZbe8zZDsO1Fn3cg==,366vpQA7Z3xucIRXoxXM2CHF1P/wTowFPkwZfzZzzalJ,BphrzQUBvpalxQ+lNwFY0xFwq+TfIOk6+nytPwzD0A/8izXY9A==,Poland,RtaDhQvbtcRyZ/X8Z5rdFSSgUO5dYhlHSdOmLMlgzHfaaWU2Zhg+mw4DmJtypHrl,VtWUa+nN6hmelB+W81ifZUE9jFMwoxMaLEPmuGNO5lgVTiAmD/IPl08MLs33Xw==,niO8HVk+RjJqRyOHRSEtWM/E6J3Yva1lPAfiirUg0bIABz/9Ar393CiKiCQ=,2021-11-01,dyknH8oTK2sijFMsVs9gfZuLaMW/bxSc+p+rdegdkT4oupX5ttGuz6N82yK5aA==
41,MK7YsIcIGh+MoIzAE+iyDQT/gFd/Y+QWpXyOyZnCitPt7GudWs84nLT1cA==,ti8/ORIqdOQhL3pihlqH8DlFM3bGTLiIsDp/WMvF4Ks5fQo=,mld/L7ZLX3Y3TvZgdUjJ5cQL8VDG0zAMXWZxJZPkoV7DAw==,1QPq0fZZ5OwXYGZ03KqfuU/lmc/ErjyD6t1p5ajqCePfwfNV3pdg,Dominican Republic,A/wxFXyLKb1JkAtx46h+xx32yBiZ8SPaGsS3RgOw3ovPYsWlnwcNLA==,2GU2aHbtwkqo46uwuI19RVuJn9JFvXTP3phvwZ0U4Cd1ImsKcykRjg==,00id3zNEsXhMdMWwAR8TckrvbM+dCvQJHLIz4XXhK7BP9jQ0m/um7kdW17yr76hRX28Nq9yoZyDbChUU,2020-10-10,i1e99EjkpMU0hxjPxBfRkv1f/6jwtbxGScGDVxJCpJJsETJ6+rI4OvFXwoLwSP1HxFQ=
42,tAekxnSf6dOPf+S7fiIy33Tcwb6hitIzRjX1i6kn5cU1CmIH9pbibZgIhw==,q43RzQC1iPSE8EudJPU15CmNugP5QmcgGBz7VX2emzbK,MW9rAMmrClx1vv9n/RYH0UbEHqlQz6aXt+2oSjGbG6U=,/zDr36MtUw/w3FXr5AP5jbwIcllmEgDoxuARmJJwBrPAxjIAeFpb3yM=,Burkina Faso,/BgphVdxVQ85aFbcJjyid0drmRJ30v7zN3HWsLKivpKLTaSBCchWBnfFloQ=,n9i63Lni0BecwTIlRF6sJbRTxXIVSmtmy4S9FeDNXp/s7VpHERnlAbFA3wTK4Q==,RxrF6YCwMtoEUU36qdHhGjaVTUD7LfTmaQrM9qfdbRVcy6PPe7Z3yjXcsRnfRgUN3bkWd/E=,2021-09-08,W2xWYs1ETwj8AY/bTyDhB+R1YF4182TbCNffbZl58bGclGTE0Fb4zanTaXMOc3Yldxc=
43,oNqn+Sk37m3wHak09PkVUCNvD5YhAtEtdSQ7B9QGzefuXpDZcvrsGwHikQ==,yODbh2hpG4VrsM4WrMrBGtfHz+ddTzdMNwkcn3UP+tSh,vndH/EL2tzkuo819ZCJSOpVrxBUekSUxJQVneYeov/efOJc=,gvI4oYGvHVRg/eE3ARi/gM7qT7MMs7mEev9jgDH6VSpFDhSSoR0QxbzeRBMXQWc=,Bolivia,vulj6yyzwzNKaPJd6+hdIOaZCRC8FO0AnJBlNkgvm3WnIv8ORL38R2/ZhxcWRw==,kGfQ95EnFB8AkLTmFmkQVP+6yiw8f0nIpcnOjKjK3ZMoLQL1FW5h4A9wVnjULQ==,Sx7lkPoYtmQeMZFgfK61+1zovfkqD7qejYbgUr6r06PtJuzRkwQWxMN38MP6LvLR3xuepwc=,2020-12-13,cHIIHP1nvHp+0IKEu8NB3pvanAy4sIvu2XJe2B0IIzwvjTPSg2LpNCNm1o459vwBbod2Zv0VCceo
44,Iv1cU2V5WrKPKqk3xoGxe6c2IxbFiAsY8Rugd1LMsu8q7lXFnFLNcq3Cog==,z/FVidNejw0IZfhTiCIMdmtXluKCZvB/7rluNhwivRA=,0Z6RJb6OyJ+jMNzEvNW9NPsWxBpwiIVVGBnw+1wvgcZ1,iuYlr9idoLRLVH1SJf+zYBRlSHeW0R2NZiyHzZ49No0UBOQEcIQ=,Bulgaria,XHb7ynJ8vLJv1eRDFO5+cj5mgv+Bihuh5LgOjQP8VeRvdc7JMv41PQ8qxqILuYbq,lMFZxDr+5nbOfhlwCbjSBDWU2Y3zWwEqypqZsnEHoYAtNzvRgy7h03hxhth+,VbuQiKRnQBENPcQ6W2/kGpz/t0R8UJcXCb1M3E+d8rRr9gT+WG7Twic/Omnp6qZ6siPJK9GbZ/waiA==,2022-05-15,5Nvq8aC+sqrL50x4UDQlkVKuptyZrk4Awntk7cB2z0xdiy7q9ghWRbUNlInmecF1V/UdIIPFDkAz
45,tbLM3Pz5BWAwdMso+JL/wna8Ra8GLeSy0p8l/8kele0fxTLWOXvsIctOwg==,Fv240/BJgm+35fml5AKrFnwYJCoZhMqPh7lheD0nEpF8HA==,yiw0i8kdU5Fd14fEyWEdF39NEGaq1Fekj92EK2Gxfiez,4j+oQhhj/L3FwZuFyG5e2KrpoYG8faeiWpQkxQaauS0JS11R754FC/4CWQ==,Monaco,uMQGy1M08cvPfLatLlbRcfK4AJA+kvqd/tO/touGVzcp3KtOPGz1yC0=,nNTfUYYS/v50qsiwJNcY2yKveolEs/7wtn27MUe2QHBfSuHFDvWWuEB+2TUzJj6g,zU5o88uorJKuIKVQ+QJC59WuF9N6gsn7NVz6cWMeaynjaAG2sl7q5NtFNSPxskApZQYZXQ==,2021-12-06,j7A0wMxuok+t2AbyoumQV7fYCQDPDASpnG75aOAdF+AWV0zUDvUpilH+Mp/t59OX
46,IIn93qkOYG1mlscPgGJQVZaMyyvvHrTPjtbHFRCEaVF14ztaNHYU4hje3w==,0ebSa5oKb8E3OUDNcCIHwhUUvGMe1NIV7l6fH8zNVaNrwA==,i9aFm6HPXmQN+5XW6CqFyH8LZCNQZUtfJlNadafHCFmFBQ==,wiRNwuKLQC5BDeNTfUucLeh9JjNjd499TAk6HoRpReNkSH0OBSWqDIk=,Palau,dh4jmd++OLbLzXIg7TygAeK8xqoZ2yE7L0k6SB/KWVBuo8VuNb6REpE=,8pHRMLhQwXjSUCk8BfWJzN/3cDisxB9hi239Lc2Nc/Qsi15FT/PZPZgewvQspg==,ktavA0yUntZ5l2dYcCuBVIUpliAVBbQl3Slxa1hf9v0Wsp9TH+tXso1w2WzP,2020-07-01,bKiqwYVwjb1lbPcqVMwFcqwPxNTe2SqFmot8fwI7m38UOJOsKweQEG1bNF8E
47,XTAj2xT+I4s2BYo27z6iRK4nLAe52bsDQCS6HdUEIby6DrgEj/4b/6aYAg==,zmFCDtCRUepW1P/NB7rxFU1hIEaPPeR0LrdMN/uJO4a9VaUn,7DtALI9IRrVPjmhbJjMAOz53zIYAXz86Q04zgWnQ3ZVGcQ==,Qqtyo6tMTK9AFBPwX9po4agsNOuKAk3NTa116SmQjCyRXfmKgUg5tZs=,Uzbekistan,HPlygsf3gSsorXRljpJ4ikkYswNqIOxcaCl2OiixA8Mtr1ESoaYt0cJxoyE=,bUbCqmmFm4LyXy9h3nNnum9NXntbt2wZfGFD/T7+F50kxePwBx/grwM=,aKXX79nwkfXLcqkdRLk2SP3/KeYG2lJHiIX+qCwalB9DhgFS6N+9L1clNe2u2ziR,2020-04-23,WFGFAfqnnxf/V8Hi2AhEzUHv7cbKtYoEjBDfq6NOefUiy3pm/FEo7IfNsd/OOQnjc3hSmLo=
48,beeF27twLn/PFQLDZ8+wtVZiRJpe1vaSCrdadsAT5whkKtKw0LntCrP0XQ==,aFm/oJW0sIuLatgh3RRSwtI3vc0GWdEjkdAwrSCMg7e+CA==,uNU7c8ialC14WaTKVp4G6vaL28XdaN06bjdneG/zjrVa0g==,R8twfOJ8wzJLuRwrsx9XRFDVdT6v3S7XXxz2153R2pWMVym4m78h3Uph,Ghana,POrVO8KZprbStZu7tgl92jf6FiKJBqFMZlcG1kVdm3yl4Ocl4Z27vA==,fvc3cZPLhfdPpZW5VDuGsFGvqJNbXjVKGGCXuTug/mUCVOZtgkaOfMrhF5148PqbQA==,kQh1tkJCi6i76hiIGzO2UxXsV5GJFNNmCDcBwc/ZI0tB5FZnRVZdgnoQj9Y/fwomzyljMv7D+1+O,2022-03-11,Ur8Icl/IsgfzHMJMMzhPtQxddXzUHsl5KiCmdxyORqZg/VeSkmERSmPBgVLYpRxAcFaZVyY=
49,e2uWCBdaxypfcfNef/zAsdbWU4dpQi1HNBzsNPVXRpRwSaCk01T+axzwkw==,BlcaE8xwzB9z7zyNdql69bCAAR3PHeMR7AcD4Dc1CORI,L+HXIHC6czF9dUMgGOWtI6brOS0QCADSMW396TKX729B,AQLgsFACsX6v+8fr/H+tAkL4SxnHQaTwsxPx6mLZMmi/tTvBCSHc0QzAoLb7,United Arab Emirates,shd0qmx9n5CUdcycwygcxVb5dNd7I/R+6GXaSrl5cM6gfXqbi6dg5I4Oh4c=,AYNhzh2G37uqhBx/VEwIHVKMbUvPPr3z9l5H9JcWoCkeqa903pR/BjYm2Reebuh6,U2RmXwWq4ayZdBQ6sCp9AfdACFLa493vYqOHJM0FtrZlMw9klBfwIUF42hko+728H7iBNUXLLME=,2022-03-10,WO/Lebvs1VIaeoVxwqwJNbwzpsAI/MCNKqJa2PEW9Yk0na3x9Kig7/xDYYIWwb5YqBBobTCM
50,0iMkOZr6F88v1F9AFU/+oKcEva+fhuUNjZEi9/VohY+Lkyx3S7wLf+ka1w==,jHV2fOdtRDarVTtpFFCKydwzebfXKsuFiknOvgvk0dGiwg==,ZebjYNarnpICxylrOVBa2+KPuPzfunOwjA5qBn/yC8AMug==,1dla71H1hCOJs9pZN9AIsntWWuBUpRQNpN3E3sOi+tSZevKfpHcDeg8tJA==,Belarus,WKHgga7wR0VAQCO9CKL9VsxiT4psyARr14io9WxQXEClnOSeUEr9o9q20P0P/zQ=,KFmx0JWGAjquMXTdPVoLR5h+d/I9fvldBlN/oW6cPnutuAjkr3aD8XBg0ljEpQ==,cd1I4bc40pHNzqEb7SKSe/O+ZgnAlqtwDrKcdRoMCgFj9oV4ewmI0tzBf/duLY4a,2021-12-02,xlw4DgszIB0bOvFnl7xeVDehUB+0QDcc/dXPzUiFUGJEwZ6wmWDaDLwI3cKlPhgKCEbM
51,5dCwW7FNlK6NxKz9fMHocrYCfC9ZniDUs6C4NKr0uK4ZbkTV3Mu3X6sEFA==,7wpUV4V9sFz4rn0vgCgI13qIOiMayhB406BU0fjevbgWDA==,U3vlU9fjfFPI/QZak5FSsKwbj/Q8orJL1b+flCwIxdz6Mag=,kZ7BTFCrP/vRR15iq+RQQHysiyD6QKy4PvWvInzz87Ap/YZrcQMCN86U,Canada,M0KR+0e/alMJ3YFzwe+eGHnGBqGWOMKdZ0a/aXsRaTtuFNttRNRcUglD1w1oRh0H7w==,ea3+XnM2Ui6/aC1wvIVav3sMZvf9wLtor2O1BLU0f5Xidu+6utjS+ks=,E0u9OkMDz9nguh9f1YflNzbsRaIitcR4cVOt7TlXK+3wssQeVGN4WwCstndPqg4mpY9DOw==,2021-03-19,PZzBNYEU1oYbKm2ASmF5bkIc9+IX5fKD4dWGKPE9TaDSQPYngdfHoayhdUTj0OaBv1Nw
52,9FC7G/VdTVHqNTAdo96hcmkJrp2kWmruJmq0ZKpIXznTFAGv/QkNPz7Liw==,9dwIGwWPjmyWoTzqkhKQX2a+Klw/i4/+BPjwjhBlu2rlJQ==,gsLnGlY4kIlbvSksRdJVoVqNhI9fGG30rZy0WQsv0p9LzOBL,YQo1zhdJ6B/AxDcMbljhqDH0t68t0naVVQEkcBkw3qfAvj/9klmir5k=,Algeria,tshMc6dtdKcfJ6b8JXtsO2Cq/OmQI5Qmfu1VZF6/xkJjCq5iiFu40g==,4x8ZwMbo9eP2QUVR4ajONQCDRIQ8ZXiD+iDiaKytDHbOYUREUauqcJVPbO8W,PygVQdP9uUhsi88rR8J23WEqp/Lqjlgq+eTOLQSfKIjouTTIDLMziUMetiv5gBOY+FwgMPaV,2021-03-27,j2JTpyD8MYpKzvU2j7iWSI2i/FZTsM6p8Gh7H/S+0PN4rVRr/iw2lHt1PnmMQxpqEQ==
53,uGEIkmEz+gn6bE20UHLHalQlAt/Sk31zIfDrcgJrTWcHsN5O9xNKuPvqLg==,IV0UvsaL0A1NOH4vG//VNH6BmH7WRMVPSNIw7BGfma8Zjrfx,6YS0gwAIKatGqEuEbgFx9+YHSDQtXmWzuRLRUiHL0MGy5jA=,N8QexY8lzODoy43EYxO1bV6KllriycQqNVkfK/3DK5fhTwnmuQ==,Swaziland,n7g+BJFQirk8SJG3wrkKA9L1OsexnTB4ZdtmXbHtL4c+hhCPFr3QD56Aq4hF0Q==,fK5//MDYIw+F6WKxy4nQcLnecaSITHvyQwv56f/PAplT85MCfDhrzao=,TKDuaQ4RB8Njo8bwNhwNAsNA6anOS4oz9zl5qCJPnoYM1SYovfnFZMz+BKcLQSWS8UL6,2021-03-08,2yDhPOmn1QjSHW+2uklzf2LKmZEKR2gFvfafry+sgB7XjjWKgSfb/CnHxrzqQw==
54,7DUw06GnHq8JrTZ9UKzhJ2MuUE3zNemP3/VaclvMke8M3wW3sKBiMa8JCQ==,rdvkiJ9PQNPZ86EbGCEsKR2bF6GQlWS7G6aWiPRuLFjh2w==,4o06Bi0jH0KBeqbtiwatnssAQQAqK81oheMMGgs3DSb+kYM=,4USM9NAK/RtE7N26FnQOhMPtuf/5uWCqq9VZTpsPov99mc/ytH09,Madagascar,HUvZOg3H+ykHFdR/BfJbJa7Mf2igGYnhKsrEuPSvVReRwWzBOW42OefMww5KOJ0uu9E=,H0M7HYIo9EI9ZaQrsk9kY4EvYIN6rYQ04eG0nviOSyEz7cUMNlO67yb32bXa+Ep4XA==,CFqmjkT6M89sNzJQR57UWWmUf+eTIMdaJVov06KLIqkiA1Q7GZm7LatkK0cA/VS/kx+hJ7A=,2020-10-15,w0L8/xzZJbVrWctKLzn3xklsEZtffbmZgweScc8cIsTQNnNVc16otZ0lXQk=
55,hTg0a8hUmtdUs46CxquUKtvUbzveBJEmjDVT3YNA2DGpYB2A0mIEbitUFQ==,kKexHIjq5Le8QEbBmHXiKv6sp8gHYyRUtbHnIt+LUNJ+,XOHurHF1MT24xgOjGtT1GXgDpGdLIDooeNPZFjzodB0=,vl+ukAc53tAkZBhPa1HAOgAzIXh3fORDRodOB8u3PQ+QZexToA==,Ecuador,IC4bmQoE1xoIxtOhKz+2omNT0l/5vaHZqZqYnq7bKtuy3AEPj1CiCA==,Q+LngqqkiUxs8hm+oVar0V+tdpduzssjdUowbxf03uxWI/ZN+nXC8CTHGdVoWtZ5,CXdnFDEkAUIjkwtpcDUbNYtyRNQBzCS5lwuegsHunc8Lhi9LzbkROT7JNTyuW5DxYVFDPN9sUQ==,2022-01-13,vKtkAiOQbCSFD3w0HyUuZxxJd+9Gi+RdiVg8cNTgCdWBSxa+CI4LVtSBhdzWZ+TZKA==
56,lIX+jM5jMLoLdX00aJuKeA0siUjpJKA22Cwv7AoNBh544M0nIpd0FAS1sg==,U9mGGvhbNwpKS/wOfo1eSxVqLT2dFKednrEMQmKlDLBY,/3NQ+04oOk8encyJQUViw7vLzpocXG8Ar0fegncbThE=,D26zc4oJJ10Osmlpkk3rmViyt4vVB2NtMWWeBGjyDwV53B7yO7YxI937mSa2,Palestinian Territory,pU5+Fs4UckfTouux5IF+Qo5LIMuGAlqvXqFYWfkjQkA9oO2ngns=,28WMCgCpC5TRRLFktcMtIB7vFZedmnpvC1fJaqIQqPmPUyc4JoFE6f93Vr35HdYR,9uHy1YtLMtmqMYPtRy9TUhXigwnh/pj0xG0cA15D1BEH2c6gDaNTZmfXy6zK5bEFkGJBo6U=,2020-05-25,FyICoLtI1+MEHEsLC5npOotb9xw0simEx+jlO4vyCxcncHoG9DvCtbpOCA==
57,lQMDOsZlx9NbZQCt+yRvUdfKee5qxac+GAsy5u+lrqatDaFgp08tKXC0cA==,bEnvR4U52ZwFvuicNWZsWZYAY6yTFoF351BNePlzkJngXfw=,0kL6uC0poIHTn09QD2M5V4zetzgwxIyxEY0iVGN+Nx9FcqpbmA==,ENv3ma6fAJpbmg2OTMrVTOd0O5gos9wEFQuVK8I/rm7/cE3HIrfMSQ==,Saint Barthelemy,CbmTUG2J1QXDkbbSneprX0jm8I+ZBINkkDUysFHdGAUX8cfV+i0=,Vbt0zcGqWdtdEAZgbfU1uZbA3eX9a0WDAKxwuP3nzKJQPIHBp0wN5aAOYdBnH087,rvlqi3t5OCaBoHoiNB9m6B8pFdA8mPt55FMsesmkWc0qItsmt1MQfNNo0ukWQ5tqwyu3,2021-01-25,j0Rk0UZW1x5TZNo2HXtAlVORMSp6FQ3s0fFDnVMXtVbDZmfFcRBgeATyIUSd2n2oHHxe
58,u04OuA+EblydtkAs87EDf+czRhjatLWO7F+I/GveTI1hstjRAQ9K3JzC6w==,4nZnZKP6YV6PqeyKJS6r+vpfswuwYi9ZqNn4H3y29PPg,8bBD1iRqTQc7oQFGKPSgMuNiRrH6rH1vwKYttBlz3qaAt0I=,XoUNBiGZ0pU30SauRMGIGxxrZkKhMHYFQ5DH9aade0/ahR3sLy42Gb8t,United Arab Emirates,b9iymJLsUxg9x1ZPb++Zac3wbMybWl6Gn+qVqEG8nKeBwLTgk9xkyQ+WKAAt3w==,tMKnfh6d7krUSEc8TPeI/o847xCC0ScUmasPvP+EaI9JxpGUUD9z+YWrGCQ=,xkWEC3odPunlG+HlH1RvFxcEhXfBY9uSmiq1XNdCx2npopCT37jzGyebmVBlJ/3QfD4x+ibo6wc=,2021-03-17,dCioZwUEANljjeo/9mq6OWi320OWkqm6XISJKS5yZKIDKsNd/vMtd70b9ASyvEpsOX8NObJtpquiyQ==
59,PPCMQt6fXQTrc1LU8rUW4J02VexSrWM1kg9gxRSXy2NMX76jROcb/5GqJw==,ZzIzdEequJZOER0mxu0i4MEJ6NkNa4+ENmvM37I6PkmR,HVyPyYV4az42Or8tubVMTcKvypVKIIHdENyVrer/KPU=,9pL89dk3761tkPSjeibU5uCUfLR9AMUcjGaYetL/dAVW3+KHMos=,South Georgia and the South Sandwich Islands,IEn5hFqobV/BwgfxR2fHUUWcubnlzLDQH9U7p6WIHMaR3ztlz0YbsxwJWWtDJe0c,nUATrNt0bIxhjE0mAAL9q3/jKerspccYJ5fzAb23wXVvZMH29LnOCg==,65t74UthqMY8DCAHcw1juIZOMyXVLWeoOt9k+D3r+NFF1zG1AaKOf1vzYaf0PLBIpWa3skfD,2020-11-15,Tp/QE4gBnfki5c5ua9Z7mn6LZbuZRgGeOZYy1CtiniOzmsn/Pgp8KOP9nquAXA==
60,MH3WI2Aff4izOOFfrgrroYe0Q3iGzFBxwCqtmsi704dD97aStLLh/ozL+g==,eMuytuQttIqEG6bNiFOCfbPY4ijS/jGF6BP2cw0KBgMD,kFzzplYKdqgpOPnwR72RbmKBabwyc7iVTlBV21LlM/yn,P0cSEaY6Cbb51kGPhwvV9A7RS9BmU2T4/di5dAJlyaNHPbd3kg==,Sao Tome and Principe,ABeYujkgalpc1dd7BA8YzbOFkyL0iEVyFwMzSF2x2hjYFLZBaaoThP8Chatq,xC8P4uq3tr0mzNDShxIrjMoYYi0TDvhgpvu3Wx5/rfYVvtoyfeX93g==,cdS+6VjTp1xGMBA7+vMRPTXZHjWsqZAynMRlTqnnaIvKi13fNlUjDMMq5yZXARKhhPYn,2020-12-20,cn5AdMjNNN3bmJAJPVlFkxKouPU7NAFo234pfCIwrMkkmpNOJSFZFSVFU+PNCQSj
61,9tKo3iMsTAky+qOS94EQedBK2cVaC25FBaEUniCcJm6bOpt7WxIR0WqKKg==,KpyMOHplYjxSHOqv4zQ4LwTorFu7FDBldRx3vCNACj4=,aOwQgSXstg87UQLY+LmZ4+s/lSsl7ZL4zC0TCq/Cs4E=,dS9Bc7IwMvC7KaXWd6Md1rWhNhQ66Q/50AAPcj+3j2JnyF2iO+UgzGrXuQ==,Portugal,zvfxwcrLISRDTBc+0/igfbduR0vOQiIvx+SKJdz3Vf3ENd1r4uJ+U5uvNCQ=,CZgbfam50pQrimygKerZh73ceMJ2TDDnfNzQBORy4sKejsa7CDg8JlEho4Y=,VkW2ZxiuHl68ndqWIo6eUkCaWvMR0atZlxOl03pSpkksROnz+myuzuP+f+69AOMA/Q==,2020-08-21,/d6K7aDEnDAEC2owNopQ8oKgSzHak0zPLJM03L+R50+mazh3DnRE2gYjAFNfLjT5cI+a
62,SnViZtaaBZwGJ4QLvSDiYMSt1YxQaeWeT9NLh1tnN0Pn8bX4RcBzHiNf4A==,WB/OGPr6xVnKrjnJa7p0Tc10GsRUd+ZgTi3ab23ZRGFp2MI=,jvX58Z81Nxor3WHesf8dnU3i9Hymn7gueGaC5ZpNA9FG1g==,oF/Vux6/oQRybptJJkvL062pRh0mbB6AZrByaVvEyMEw4OXtNG0W1u4ZVSEWPQ==,Togo,IAy95n1sca6tjBJ18/ljh9HsvB51esCtVgJHg0i8w4AqJ6CNEWDHIkMaNu8B,f3pr20fcviJNJkb9mVIuAEBAfpnIMcse63aq8elx4ICid53u7EGY4UOMtc6VLKLBXg==,j6p1vct5pNmx0ifYy430GUio87zNHJ3Pqh2vdfKlH19X81KoLfSJ5ukhFpJyWfBLj8kleb+6j17G,2020-12-10,fVTghIKLT35dN+IocHAO/15N2gQN7Fg1+E59pooNYzklza5GKU6/o9s+UKToDLS3BQ==
63,MpSupKwXz3Egt/zHpAcF9r1j4lYarHuTwh8FsCBrlYVmKuJM6bkFv/9dnA==,yF2F1F4OI/KP+dAzTO39BuB/CRfUKvB3ZVNLZBz8KGFL,gv4jt0e+a6r+sviKAlLuFEgw9oYdfpac+xKDUYKGuu+gN0U=,/F40bEWqBQBLZ40DwDc6rb91XYIcjN541F7MyeMKTe1hdJReLJcpf10=,Ethiopia,JulWs2KqAwoM/BIIAGDJkoOv8N72v6cO7fxdl6HXjkOWcZk/qQQYICMTfsLHRUuR,NttXJ7gVtQSyjfPn+UQqyuCST3UQBPpy57MjiQIDcT8e81ho5BLdUq3hnHaZxQ==,x7BAq0+VAaVkeh5ii0dg4fcgszEGGkceQEwB/lVPcF9IX9+s9swfViXjHDvhqGmGVonfr/Q=,2022-03-24,Pd+Qula6lrecxkJWAaj8BWjhfYrZ2poXO7KjSykymHdiVHW67oYwKsCbszApBA==
64,Qyymt31bxvCiyLLjTcQ2VZOWU3jWQorWbdag53onOnSBTTXQWCTO0d7mew==,ob6Vm/ghwIMlJH9090NvfRqd08wvIk+/t76t5pLP+ge8,RM9BPd45QzXsF0W8FQ2Ywmd+XDhTKD+fSWmmb2Ir5E1o+ZYh7c0=,pj3ztgIIhoSbMjXHMo55pHzpIFuJmvmd0vuxdhehK3jyK8rDKNaD,Netherlands,MLWZJjLAfAlHpzYjpV/IMo60dHQ9UG8UozaZdvxskeMIcfErTAl2wg==,YNKRf2R561lGmQGp764P5DgSh5lqbpM8MWYBXDPTPESEZJYU1NyBDuAiNVkl35k=,PZlDaCoaUHMS1aooGqAwT6GLFqvraGFEgG3m2pBi5Xzn9ZtzSVcz7kKFIpCmOrokkUmI/rU=,2022-05-15,wE1v7ny5yGIK17Z6QKkJRB9rDRyrKDczN5c1y9dpnU0S3KHE+qRouuJoTBgAJK3Y/0g=
65,58XGS8R+n5IOulNJX8aShJaXwwIuSHJNm8sY5IC6CqdfJtPV56ULBn2IVg==,D3Nu+Z/ATwWH+fAQomJ0uMYq08VSEN1j2kyiFlAzmo6c3g==,gW6MzWqRkrxIMpo/G83Yq/Y/SWnxbg343MraIOK+BYzP,h/CdmZFZJnhqYEe7uYtBfrrgqNbf7feMYe93JcsEkToL047Q3HMY0Q==,Liberia,5wgSq++cZZBKajCGDz/jTy7jTap6RFNHSP+siyuHd8DnUUvZ3cDXa7XFxndXVYvCKQ==,9iRqI326ygu7EZC1lpXZ0JwdHIl+O9/xtXy5Hu5bPGlToO6TjXt+/NTf/QKU0nx2,VC3xqNTDUs2RuJOM6XLPi5BH19WxKtOQHERJ64mK4is7yAop27SKz9Ir5A0yJhtyUg==,2021-01-02,JMewdPT4vFj+GuJUeU3KyIAnibU/5zGVQqHNxdm7hcIQy0OX8tVDXa7QcvH1
66,WsyCmExRnQvtbMZ0/47hdlx0irfCAqAWVZI8LQsKu83J2Y0wLlxwNrE5DA==,qzhagdf4x72EqmEJj//MnpWu79VAmBjAyrR1IIq5k6aaEOvS,TcPVB5n2+F5KicQ8AjdJUS+oHCj74hbjffKpJb7CI3kInCk=,5KtWc+ETa2vk2+i65wz+qVPqvC6m3A61ocwCJPyntbqItPePGRA=,Lithuania,9RiWI6rRk6Casg7CE+xYh6/rQn/iloXEXd264I8FZJeWy2k3lOogvw==,2ui2gd07P2r0KnpDUZkrXPESgHVWvay6yEgayLPeYKB0KlJ4dak=,77zLXXLLWl0+15p6yjgB1RnXCMPmiInumr+470nwXZzTTG1tzwioNN91Vn+BoZgdXwegmQ==,2021-04-23,Bd5B/XDPp0TUOgLryNUJgRy1lTV7tR1F1z0bW3P1Q2+Hq0psXk1lTNDVugCZC0SC6Q==
67,xBX6AHwiD/D8YLctaXXfxklvPwXvbQqH/5nmTIrl97SpjDSEZ+DSpHBevg==,azC+Ru564ryyV7apAWVenvN70MHFBUDUuKD+n6QSqJVSa5c=,ZLKUi9evInKV61Fyz3prrt4YwnUjAYPn4ME71bstwRpJAg==,lazMxKWNruX4scViSzsNEwiFEXML0gszNfCrwIvm1nqIgEn354I=,New Caledonia,l2+hWfvfDDKClj9vblQ2dpPVbBe+ouSba8SlUEYWaDGVvRdplJ5ZlsXYc3rVfcJC8dM=,Sty+8DWxM+dPp6+zp+WoW8pk7/CNAlrGlVoh54cNKnMqx8GNJe5vBw==,G+BUlw68jmEB1RJb1R5yUWCAPQCqWVMcvhnFtBTy5LakeGLdECYkUUmekCCm5BPzGoM=,2020-01-20,T7kVTvvOeXUyDMoH0i93JhyhSeUPpi+nlCzOTrybrkZN0/wDijjFWoS90kLS1t7OqeC1Q2c=
68,gFCG5PV33QNUf9hbfbHoUEYuK/TN2/9Wct+lJE9EE7+qrQSdYgZOPXZhng==,KMk+2p8uacD8p49bm0YIG+zKmwyQ1SQaLq2Zyt0A6w==,ngUs/b2CTQcFnIsJvYj224rphiHh/tQUxP2wVu1YoRav+gAl,j/nykD4cwNiZHd99pqSFDSbDnJWAJT6jBBBWdCh08bH9xRCiVRKbTxYeMAI=,Kiribati,G2AttvzFlZtfZkM9pOgINBZM82/DxymYUdjVQK8i+5gxNYFloFVn6qdePPU79A==,+aDIxBlEawu4R1AwkLAOz1wcnfpLRz/p2F5dfzCYw8NQVPJl6aRccWHYwIn4,yq3q98ipFWhcFUZPdSQd5PCHA3xaJGghFli9raYGSaxTzWxMqukv+skAGc187EFtBaNbaQfaXVtO,2020-08-18,XQSJlCGebEoVjOlx0pMxp0EYmo+/JeUBnsonnpXZsiBV3eR2tX1xo9ZiqNQNMNPkQ26f
69,xWF1wHHCLWOWY0cm/nXJrJ6g4mI0uV+l/475M2TSCQtq5E6pon2/zepPyQ==,+mmgUoJ3UtYgamjdzxFojsODOvRpiQ1VLCPZsZn9lFoRPSAf,3eRCLu69Oc74AqDsoABNGOq5SZWM2r+rKwpXPJaku4JeVA==,9UU5fPBIpivbEDmuCqZ14BROWOGC6CsTMQ7jRKrGhqvyNFI3,French Southern Territories,mn3KBY/h4l9q/f93P6Qk7MK5KHNM7EO1ROLB8lCeCVi+WqDMRLwZGTJb/AOlLw==,kXMY82whXduwjWxc97QF+hYR1Jmucs1CMj5Zhb939gk2X2raYIhPfIGHqV7fAkaI,IR+BuYwCesrlv422m/5mK+0IYEIFPWgswJwcrz4MbYCNDMhx9mlxNUN34FjvqP9X,2021-01-31,PntiBeRaeHSJsiO+ObAUfK+lk7STF6G6Y3OOcm8t0K9nHfkDxkzzq/pwgVUkKbaGUkS0vlry
70,02R3X1pK0rsr5stWUzpEJZiO14be31Icpyb+kINzaq5AO7PALQDRzy3hcQ==,8IofV3pMqzCnjPgRds3+blz9u/L9UJp3JTGASX9JIQMr,hmxvjncKGP8R8Xq7OmRrIFZAT3bBzOF/dEw+pjSNuuI=,96WZbrRqC+owF2XOoKEU4PGd9G9lV1OUtQ0XykDuC4m7jGrvzBk=,Canada,PGuUkl3spsmiRwvGnEFV0st608rKKiP6co5dm31A2MhCWCa10vg=,Bto95EB8RvMKpWp/SFTdMKwWMkigxxAEoApqvc0ZS6utkBs2KvGt2A==,yghW31X7bqstKfleGJ8mUUId1PgH852Kz3mpkMF1RX0xbTLteM4ELymo57fIJ50=,2020-02-03,/pzmdO5uxiynMzAbdzeSSiQSUB/rldhbT1hEuLlCN6vRmofJihwQyYoHYX90mQ==
71,BrgcDEpsSMrGh+H/FqH4t7UFcSnX/SUiwc+JnVVMGoCQWL0qKzgc00FNiA==,8BvDz1k70f/k8z/Ms/7iV84w5qPqnmvbDsvnVED+uezLy4QSVS8=,l8a70iyXNUinnUE2Zh92i6jCD5sR7ynmMfPxr4mnBOk=,ORZRNeoEm/CNuqJdZ/osnj4tNgCarQRwyuhw6kF8uG54tncQ/04x,Iran,zbZDF/IzWV4SvAFBkNi6N4vSgEvTnnuQPGD/4LKIYEpovdZGq0r2l01zpBU3wA==,hMyDj1pToBsvTaYMRT165jdAW8nFP5XXhaWHuFgz7pMoZYrHVxxX6WStUnCjsA==,DZewBBI+CPdbCIH/Lgnm0fJPYUHfQygc3aeFvW0oXQcYMgTvnqBpA7GQofpV,2021-02-20,TL3QUIBFp1YYBu2Ok2rTXgCTTUdVeUzGbsN+OuXPJ4aNWY+wKwHdzRoQY5v6rwk=
72,AzOjNQ5PbUJj+vCf7b0gr2c8RC+kGsGH3uDt8EEeGWFzaMYfXOO2qXBQVw==,KWXN5gWThr4tzclAB+OwG+CFQ2ueMDIfONZ5sTw/gF/76Zc=,bkVobT7Ze0eE5H4bid4ofLcs4fBZUYfdVVI6U31CmI0=,wzgtMn+eSM+awR19i3CUATd0mHb7TKA+xj5wiIjN0Kuc1ZSWFDQbei8Prww=,Morocco,VVTZqSz4BGriCSt3qp3o4KfjhoEzi1v9tBMdeH98wC+f9xN9BiNeLA==,+W5vH/VfxU82GUAWd5fuz2DBwVGIJoH0O3fygx+KAO2kktgQxvw=,t+u2Bwf86/iSuQAtBdWuAvUouphkGMropzruZAYRsOtLA3q2UykWn4IhUNKHofJ5XJ26RjySQg==,2020-02-23,5eWCkEjfsZUXAPk5wMV93fbjEMZxrzCRuiM3efGdnc+ukXEiYNgEE6DTJlLaSa8po2mz
73,1kPmd0Gyevh/qVjpEhaR1wbOvxPyZknb5QBhY6sqGbmY/1ugoDFOcIKUxA==,3u80hU4zFmAHAiraJgxmB2l9TuRgDlzgVaY2XVgXG45EuxU=,5KC7JqLQDo9V7NIYoIYhS+h8LT/92GTYH3QAu1xvtdEAPw==,bXkJiFU/Oatgjz928WJH0VBj6MbTedqt1vxnNNCqpuNtE1oghrEl1m5xmA==,Zimbabwe,PZ0z9sPS6k0SyCb4gAHdw/Kj7s99renoSHbw40260czddsnzF8CvBfrF3/Y0oCW5+LE=,IEu7tSQZtAstyMuTf6cp1iRlCrwYcZ3tJnIdEalCZXlGC53oALDm3tD37EqRDB4UuqI=,cRgN/XUZOPsQLRoRL3wMSQOvowekOxJCSPa4ZqgM0sV1GOb77eaC5W00QJ/BrjS+/PKo4g==,2020-08-22,ysZ4q/6tNSQeKVRSFbPhoLWjG0ir+YtTu4JgmReBMIj6BgHMdNQHK02OuHU5Lu2a4mL8
74,isejeAtVVqZDRSdqaXMX0//Ul+ueUfqVKquwHTpucXAlsqqRDAiFa0t3yQ==,rqrxx1379WLZE3mmp7X/b9BaeJJyd/FKhoVJtaMicfqD,PkmPSjUqA1RL1yUBMfUEHhgpCLscQkdp4VgK/J1zgnpPlg==,9f4um3x+sDlhwehDe2rL4WBTuQoSghPsFnPgL58jgcWnUxeY5el3,Russian Federation,Pycim2QetWr6Jarrn0a/upVMfFJ5m5ONT88M6/ZiPD3NH7k5UC2UYjp+7HwKEA==,HuO+rUeTpB+TKdPr3w2gxEaPyA6Y0PHHxC4wUGktPsmntq+/dXu6i5mieCagUA==,FJA1ZprSLYINTbi9uPx8HGUHwppCdxmm8NugmP9r4efxJiZBvIcBtl9K4OKNz3HO,2020-02-09,7VOENQpx7LSsTbGL+DE90mzTyk4Q4b5JDnMtIYZixJUAThiGPxRJg6rM1AZ0qzY=
75,a6IvvtdiL943UNLI38Ckuib/5Bh1xio33fPdDrjn5dH9047y4jr+fvhyTA==,C/gUpLr7rbka7ayNnbQk1eUISVUQ/LFXuYjcIDUP7HTfjg==,d3Ng0rbo0MfrLWkG7/CIce9zXB70nMXvly29DKWIbcSb,5qNUxY/ixb1xnVCKpl20DT8ouydwcARVJY4kB7yV0s77mYQ=,Solomon Islands,Nmawrz92PNGzRjXa5uKHddhFqaaNo7K99jA/MKBbQfAC93s58m/cEUIxiPHekW0bKQ==,QO74wO2VoWuzbYrUFaDBKYHMRO3OQ0MNQs3VbULvaYPQ5zXhb/J0tpAuxWdO6ObIioQ=,ti2ql6UdKN+RGCR0UnrUKrhcW7MLsQ+kpBi1pTvm20GbWUYG0tux0eCK0bU1GZaq5+7x430=,2022-01-15,1mAAiP7e8XmPAeokHfqzHVhvVUcwl6XpyvfGBLp1PsD0YvHFaWLqAhBWw7ni0L5JYIMXjIA=
76,Ik447lrVNVTKSy+lEc1FkGUQj7Ed0O8Aqda5TC0oTuJ+JVWhEMAJbClvbA==,et0b3aEYiZz3rT5w1FAo/2bc9DOSoBzRbRSuRgUQ9Z8W,2u8xsvN2xiNZqVUEv5ftCifyeBL0u972vkGbfxdxq5x7fQ==,EqPzNot7D91Kg+39ApMs18LNNTCBmOepPRDGez8i74YiLDC6Nac=,United States Virgin Islands,3x/T6WyMMELGjryePBBV/FGZI7LyNqNPSBHdZl5P/myFWdvZlhdiFvxjlG6wpNSl2g==,Cdex1iJy+4pnp2LcLYbplKrOHqwdjzrIQfcobvktdaF0RBPK7X4dnkk=,M22MxPqktXLQLR4tJYW2hrDbBHT1ezcA9NL6svFZuYjugNgDI1tYrcOk2HITarNpSQyi,2020-07-11,X5kStVGtx5JE3AvJ2HSKibK789Cltmzbf7pmiMtKW1K9yageqFZs6q7rj1Xof0o=
77,NBuCCDgbOUk1Y3XFi9Wd8XLMVPLV9RoG82G6QK0WX0JtvB0b974MLo81KQ==,WN3QH+G0tTQxrbOsMDW8uybzOordKXj+tAGl24S+WDq+fCob,YFUUyd0piqP+/NjzTF7mIcE5Opg4hFOp0L1IAXt1jp4/1A==,Ionz9aR60GAbSIIM8ji/hTkkOeMau8gYM/bajDGyTZpS30oQy647eUc=,Kyrgyz Republic,jsBAxC5rnZaqcDBQ2G7ETQ+7Qz2UeuIeJFuiwCUtPUKp9lY+vwZpXBo=,QeA545M1cTj5Y5zwgBWg3SEmRvJppB6gz4oi/Qn90Kjup6R8yJLHMlTInvuutd4Hrw==,xDQUWmo6XSBUvfzdlbTYI+7KsUnuVXKSPLXz5oAd0fcQwecT5gt36Mzw1UbBPT/sSV1bLKIZz6w=,2021-07-24,53uaZss8dLAHf5Pv2rYDHRwjoA2Tr4wrz0zODpoVItnw7E0DEvlVLb9xSBwhs8XB1A==
78,M6YE+xojkt8L32V8EpAEpjalznciil7MO2080OnPhh7cku0S8ImXIUxm9Q==,0BXf58I5zLaIF0c99sWsZlU/oE60l0tTvgqKBDl+dArDbOs=,XvYjI358YrGgzECswHfvqYUpbft+bj2BQ4V47BmfmK7AtBs=,8tFzasVMVA+QqeEcOJlpKafd/cuvxg7gSCsm0jGqfIjWcLu05M9utfkJvzujrw==,Myanmar,SUc4ToKhAuYph8PFwbnQtphftB+ZCKeUkYTUZ2tNejx6OTQpWEU=,1F1deY444SVzWrTXu+pN1GZZiNFAotonxnLljgsyuCMJUjmbElSKsdpgy5gF,O7EU2tZy65fnq2aVVoxwMo/KmZehXup64jb0DU6FpeNu8InJjZ5qMwHXl8jK3/YktXoQSuCn,2020-10-21,VDoXGjU4grmt1HnE4gi6FtT5ZvcqIcz2Pya7TMedbMAxtWCEmjXMHQo5HumV/w==
79,gNZKtd2IkKnXMl1FM5x8TT4hbfu8TC2ENbjmu2Izo177Z2gqKmhIEcrGpA==,xnsi3KndG/SbqwLhxxBxi8dlNRrKKb6qo1ReUnPDqt3vcA==,kGNBjv3EJ7WA7kQYuqCPewXAtqZ55K1giJ2tapdcR+WJVq/UprE=,ZmrolKI5QahCNqX8OYI39XIuEPqPUYQqzlxYC7hLAGjkbB6LlZfBlqex3ijUYRo=,Dominica,n7wr69orEAc9bdm7bv37DDN/PD0+YPi27z0JQlSJrlDPKH+IUoz0OEjEoCU=,pE5OkDpN55nPJnOxhPj4DESUgtUEP0mnvHtsFiMZCEBG7cWHN9bT8CKLigcsSEE=,3PhhvCNtidjIBdp/IBZSF5+1hYRsoY8SRxUrPvbwfZLjw8/aLlYzL4+b21OZYoAe,2020-06-08,/zRjAZ2Tnajs/0/y+k1K1h7eaIjES2VaByTVUVXKZ6PjfCwy3xBzoZklTnZiWD53AW8=
80,3aOs0p/OwCAnxxZd5HyAIXsmLPKaPYXLxDkkX4jK2GOWshMN/SqhlzjHsQ==,lbuE/+XO8BooyE5HD4CXd/FxobO2NCINB1F8mlZHfTNW9IUwVw==,OH06PRTKhksV/X91QhURzqe1dlyvUg5JD4ShcuaIxD3K,uozFtYosTsM6WJrb0WeyMkC090sgsBctcg+b+XJHy65IIZnhmXo=,Iceland,Mo7EfberlNZR+BspY0JuCc7yuglELusXBWsxttK+AFmx0GmOjIFWSoQwZXYgmSE=,hpIRTenTtmTQ71J+k8SyKFNBojHfbADIl3Vrs31OJ4gC/29uBxzh4KYJPWTL,FuULjcCzUcC64NJ6k/FtKuaORpWstYZ8tjw778mW40rhWchss2CcdLzEempZ41vWWR1m,2020-09-19,7BonpN1TYngy47f5qdy3E22oXhyo1mw3aO47qb7S6LOz9mMkoIVAZk3V77C349y1r2Ab+rg0TBo=
81,iHsy7TONK4B/UGpnzA/A6HcrMF3qQgIHtfjzWVdmnLk4cGQSrFeJzjbXsA==,bUfsI+IwCiBXstiHWaXJxjDUSqRDKKj/c3zxic32KKzd3A==,R2+bB9UqvS9YbyI88E32hbqd9TP3/ug3nCQJh4S9jdQmHlTn,voQvEHYXIEMPZ8bJrY1/57WOvpW0AHvYM5+GGW9LoL6jAC0Wfw==,Micronesia,71MfeH7Ah58JtqN6EeA0H8vNtWh5XeER2DHMNiK+R9bufeqbmxOw2g==,3zlicQ53DLzBaDX159+APnny6I5SX1r/k3QbwtOyvGI21TKWvHKiLw==,WyFHErIqzbHxU4jsJeNkvuEHla7n0yBhO2ZRCFeFcrcXOo1hcRHp7ODzcnVTFDo=,2021-11-13,WhJXCMghvluJuQOiOxaIbIf8v98LfaOOJa65uu94QmwoXyTpheMOw1zU4NmWiNbWRVuo
82,1RNvrdAcX+rfUgOv3qSFoEKJtKOtlhIyM5Hc2EX+P7wSxSBCBBp8li9d+w==,7TUb9JcEJNRFv8LBTsQAQ3lJ68bCMhuO+suzL45fwMaWbyQp,XH4vGuCBVtC069BLVw8w29DhfaKmN/uY+UojB+keXaMv,w046ZyWIOX+pfolEB18vJaXb8TeI4RhjufPiVlgu5m0ihrvfiWkE8gyL,Saint Vincent and the Grenadines,dQ6fueffyXf6GmmSiAwdkiS1DD/JFWCA8x7uEVZyLf8RYUtHoE+Mnsc=,VmO/tzeDPhtANLqz5N/H61Uw0aEs9MzXMTLvVy2fq42FdTRn5vQF+z6YJyIiug==,IneLYI2gohBR/LCONJOz6/IEe/L79BIKorFnje1jolGE+T52jooGtLVTuaxAPpCcyUhT95i9Lifs656P9Q==,2021-09-12,k1P4E5noZhYT3ywKueFuXsp3+yj3OHQHJiGQLnYgfqUFjxrwJD1nnE7i3OdlcH0DgsI8i/9c2AM=
83,LVjsCrhTy52XgU6ZKUY95YQyBvLXToyarC8BvGRvj5phBihjTRnD7ylZFA==,VOsWNZjp6yMBaEyM5xvN2ff8q422zJbEczVOtKOy3birpA==,8RwIZdjThGOtN5Bzf1sTA88rIPBauXQAIbDn8nSAJhs8xw==,QLuRyShzoqrv5vbD2USkBUBAeNv4A3qSw+XXify74UX1n8lvEbgPlQ==,Isle of Man,i4o07CPeXrGiNWo/zjWCo7vCbh9DfLwzacrxrK8HOS9RUtF2zGpmtmU=,aBNZAbF9YEiQeIspEMUeC0npvbgSeouas8tQ8YHZ0az9nnFBPZ01dZRYw1k=,BJvrxDQUB/LlLEKOVoQrG7vSM4eDaNae3X9KwzXEroqUaY6uI3LasrnrjBTFyCVfT4meTmY=,2020-12-28,CYXH8Cmdf/eNEtacvy51sKZSOcAF2X2Si5qccLAIuvykz6Sp9NRIt7aNHr+yGw==
84,s8Acc3UYaPqI+DrfSKtV8L8WFkPx1pNaDIyrvNQo+VbFEY6T1XF2S41EcA==,cUTi7d/F28Wp5Kh03jV7dN/yVQX6TrXOakbTo8DTvfs=,I3Z/XITEFJFb1vvhLVG5mg/hIWzDBAwBtltRDAidz+pijaua,aCHTM9oXwTIwf8GTE1Eixz8AwP5UFzSI8L9jH9CwdkjN0tOQTFBI5bme9HeP,Oman,IOinL2ylLeuErX+v2wTG29YUpalrz8O9ka7U7yL+58o3xU0+/9U=,pmuMqpq2aux4gq01CwPLWcrNX2n2RkHOMEbzrhVBK1qHmXKZ/SnY9VI=,QbfvpXWUirQjufOxNHBcCa2zN6XgFRvKCgfTf7jaC+GVwEA5u1S3PVrBso50NxVubpQ1nh0=,2021-11-15,P6H0X0itpxcigPOZRJ3pCIt71BYaDh+UM6SofuNugO7NlNOFFoOmzPD+7xAr/SdLlnfBp+LKF87W
85,eJnd1heHuyNFCHo+kBAC62Px07k0pyhFm9unbgHkyqc885Y3gVSQPsxYBg==,OjPYSmHSLRTYqx/nQs+fohfGT20lY7lbn4M/PSPmYwEG,PudrrhpiSC5xa6LT/kQqME80v422nbuBECCNsmeEs8U=,MnTQ8oOPgcXgDdQYCl2Wek8zCda94Q0F6Zp8o7zHsvrHppNNY2s=,Fiji,KCJkrbLf94NqU0VAZ7yhq1jcYbolG3DBR3d6rpXNSw4D+qHRR0d2PbFwmqB7XymJmg==,DBuMMghrBs+GsRETdzvMzpK5yiBZB51yg/LdsQMsCwssJ4kw5G4=,AmFUEdvmiEtmGbF3gbcc1hcVfQSfJ2pZnBpy/Khb/n4zyuJzrg0WcM5Q4KBstdqa,2020-02-18,zex5VLZET1HBrisdPXDG2YZdRIW4iPZoOR276VGq05J7+sVgJuCloGVfbHtVfAIKe4w=
86,t9gLTb0WpJbUgxXPTFgNk4/1CvaF74U3mDV6LiN4mvPLqu/P7uB6gP4YQA==,2eurMzuX/nUPYr8hpsK2lSsZMni06eubiEhPXYC2MiU=,2QuVbuFxoWTtUw7QjlNg3yO1O7As9Ud06SNdNCLGt77o/jt5nFk=,mE9MQjKtgZJbCZ0NA5U46cXTvz4wcT/AjDS8Jk3/mfUl5eB88Xj9OCLPMajU,New Zealand,toCQBmgT97QynSixDA0L+sB5uaPwiauKwcxpxNUYCK3+WkOPo7ifPmT4B42A4Q==,zkKhAFnTvK2eDrMDbXCflxgtxqS0PM7/qy9AanawKTmX2+lDX4bcAZchl+gG8Q==,aAc3DpLYBavQxh4U6KDtlXhihKb0Hwtvp4E4ot/Nz26BG0wE4FVNEm5SSBeSmXc=,2022-05-13,m+AsV5sADKkpf3AQrN0jSw511LENH8w13GvY7GEH+8eEFMD0A0s2/aIIb3brGuWN9w==
87,GF0adUHCAzWRAolrKuJB0pzQilrMYNQpFykwxjthbQ4TbtWLLWLxSNBDCg==,7BLRZqk2wYcRhLxC4dDcTfjUb0RztmnMYQxrvy2RFKL5,wOCselD5tcmbZ5uwJHTGugs4Mh1NFjDbi2Q3kSkukkuU,Z6frwew8bvD1rCO3xaJRTaH74Jl/oBpkoRPUpyKYFc3CRhcwKA==,Maldives,2jh5fg+qt/m0im1VeeZFFikc1laIggpYVllnqZJ9prylTNLYaRVao0tk/eCfww==,EkARcBeqHd5NE6Gg/t17fFaPPgGBbd5YJGChj6uQ1tHlNm1n0TvjpuorG7/gZw==,iBGX4paoIuybEHrQ9E7zCoN1Sw8kF7qSWURXsWE8rQIu/TApikglOXUx5yD9Dg==,2020-07-21,s5uLC8qz6ldjbixOT+9gVejIsnqegmj1Yx2DbpNHYnYtkEML0NLWjy0+rMc+kw==
88,dO0025yURH0EwXz9p7msQjNVsufAvnK8w4xzI1ljeBf5RT4J7i8Up8RVWg==,7JnyLfQffatq2vudYo2TDb6/EOeuuNdK7X4YkInBiv5b+w==,3VPDn0A9IpO3d1+0Esl7y36VBGuFxsAW+P4Y2znL0tXfqA==,WOCprpfVyXRrRvOt/Q/TCCa50hrpEJi6RKr/fu+BxNxGkzFDuRC3sj0Idsmg,Benin,f1cp5DUzW289+LO29+fVdbt6SNbvc/GRAO6BOHPUC7E62Y47KF9W9g==,HZ88EeOSXZxjaiV0dV1/oL79q0yAYLxN4fWDHK6vpiVJEVBM6qpiOlsChVT1,eZVDfi1TJEFwU88VI4tkVtF2Ht9uyd29ngOaNQe5/yjngzhMRd5a832ogzqK,2020-11-10,j7I2KE7WzO77xjmwb7hN3yRYJrzijBhd5jLqjuM24+gpDqwBZ+0rRq/OSyrINQ==
89,0f3dEXFAYHkA4VDpj5o1/o9++OxLg1iLmk3dqra+ge6M3ixw0dSAXVpPWw==,dTVvniGsMq6L6fpLvHmrIrTX8A5eMOcc8DrMh+4580w4ag==,yaSj+vC8VaXoiXJf67FBQqPsrRcuzhULaDoyryDb+1c=,5GZO0GfAQg1zZWM2VwKoqUCKbvYHKaN/BO5+RtV7mJ5VsOiasnM=,Yemen,TyBXGZQFT2/pZTLywOPkPD1RXvJxo2XgZQSPPo/Eyu71ShvyZ2r+9pTePzk=,wuKHvBVggCyg81HKM68bFFRb0tiyErbxUPEFTYPGvB8zvPT5FofRUg==,FL3AwOdXyoVH22UB/ZIiD5pNWi2ia4jg6xtbLh/8WUeR0q++B0+MyAvyXU5x9n7Uxyg=,2021-04-15,K6ESd/uJrMLHtRm1Uw+DPv8+NeIs9VkLhSAHDCihHbNzZFQLuVQhQ3mWT0ecflG0Y4sBpcf7ZXvF
90,2MQkezQLqqsL5YsYBlGhdA8AVhD/uQcY9EKlUMYdCtiLxPyMg3WgXYzEig==,8VYdvU+DYiOSb9GqZ/aQOocJWLYl7rjQGs5uGcVNsfg=,fvzTGeWMQ9vlzUGkQnKOmR4f7sUaCFZSceATTnVg0/yR17o=,XnwO/Q7vgETDzE8cEONovEEemyNj+Gj97MWNEqPAqbCTZ9r+odqqH1IF,Namibia,KefKifl0a/Xjx0S3Pm6eWvb0YmyrQZP+FcILUmm+aUwRo7V0fbH9Ug==,XpJyHGCnI8cQjguzGxzMGBQFkOkl0drIn66LxrWU/UfUkE0WRfb4hj1wX3LC,cbQRXHCAMra1bFx0f0BPFXrbvYGrbz6qkcHAmzenO1FSoI792WQs3C2aSXOU8zKHNcM+0A==,2021-01-09,k81uPMXkdmgU+Zxh6RKuxzsk5Lqgh7NcWe3G8IrwUpaj7gf7QAewn0iE9gtEUYoddmVY66SSKUSp
91,BXc2wcRhDthnJi0lnxwxOE00NUqk7KXEJ9p+YrB6Nev1MgDwQEJkpTpC7w==,LEe3AByb6JBUtBaox5ZT3nMtNez5zysSMtu63MVRV10=,Q65nOh0spxDwFx4+/g1s6CfggeeL63iMp8obXowo28nJ+A==,ulRGjNI1x2gRol55lq/qzu1ytxL6iy2Q5mPIFE9XlPVNx46ZgQ0LxuNT,Bhutan,KGSyg9RUU+71h6rjfR0h5TkP3qfpkvG6IfJHVOTJue3+l1bTirjmnQ==,fDBiQPz3TvCnIyHkrdX2Jsjm26vQ/QD1DAodQhX8nLOWxSKIzeUM99gj+nN4xi4=,slP6Wrba4NHFKzuwHHlZHFey4heA8EqFuEv2VY1O/cKDhJqQy37x6p//4qxSJwWn,2020-03-26,46oVuYpltJ/ic1PGVjRGQQ/l3HAYsswg/xlZ9/LxcZ0H/NNy8VRiBSbCV5YHvRpunA==
92,oKSLsj+uu1TKJBxMfpkOixN8Ab++We6GAc0xk845KFVAuff9sGm5lrCT1A==,kiMpLQBeqYlHCFYaXlUlVKmguY3L7/vFvD35rP5N2TaN,vnbxpAB+QQWnWFmRrEfyFLDzwH+0feEO2Dvdclp81IMy,yiRtuy+cNScoMcdna+JlohfDXdhJBA52Ui1ai+ezHLyms4gsFABRsapRido=,Hungary,zopUlk4PuTM8d1ClZrnRCkxlt5hS5gBrQjLaLndvG5k1QknTy+yz3As8bA==,47MCTEzm/Xz7q6AkGPRTfWjdehJEDl1SmI+VQlQmaD2qo+UV74/4S/YOVx7AmcaTVKY=,8EqX5j+G0Myv8hfbQG9vpi9HEGvs9tzHpyg7yDGteR+b512m3jqaKEPQ5V/e8w==,2021-07-06,4ItQ/uK/A4kYp4ifdU4agApH0aWarVy4+uSlOo5q5loLiva4He88vB0ha4/zgv/4S11gV3ehvn4=
93,pSBVfEDoXU3Lic3AuJ2ZtgMlJ7+VSDJLzwAfzJ/1l/z/bG7N80xZsqVa/w==,EGqUu5wyqR7Xon+N9FFji2UIVDEkhu/CrIE1pcsjDxMVUA==,VPAiX7qciiMlBNCiv82I5e9PJp464RlfAy8FrcwiLx5K,btz1xb27ICZzT9x5XfzMVWcv5W/jv+zeEBfZGomEoPq8qGmoB52ACg==,Anguilla,u3b5AL+wi3lkjVypOTQZyM0oMGIgsVpaiqYnuiGdZjNuzOkWewSR1AhUgik=,Hc8EbOpqXRgywhP8Q3jJ9Cl5lFEhrVHxLWU0r0bt6n69FpPYwRh/pvsg9yhaUhNgKg==,836G6pkxNXloXxUAuX2owIIRibHZc8b8TXxZUr4yDCYVc3rk2CSyXnRFZPpD8QFWwouP6g==,2021-06-29,giJyQDzP/Bkbh18EUXh5DLygGzRjSR/i0oATGdVJrdguSBBzd6iJpAh6KFxz9FP+
94,degnCTtOehUqlN7uJmpVDMYR5vDjynfhTSVd2AUwkhNCrtXBHK/wYgOreQ==,ew3aLSy/lMWZJWRmxuBP1rv3fj6s0/fGM9pQre1RdugTFA==,wrfKbvZJjR0G4Rfjrn4xozoz1YIk4/m4nNbm09c0YMp5,qs+KassrRvcr2z/xohAsObT/EM7pRjrHzbVX7TWuD98Um96zfjzXpg==,Solomon Islands,lFtDsFWVyQN06BAGNfeyuWi6H/DGP9PiacD/zS1T9d1Qg+giykZAYw==,hDh8Sy/LPi0kp6ERM9clWCVz0dqokwty44CXiz+alhhp7Al4Q+SRm3/wgT+i,/patlu67A4G0cbvP3Guid0bJcx4TRktlsSQ9m1VtT9uoA36mju3m7ubQEQHStwX2PYgWzBqXVw==,2021-04-04,wXRpcO2HPwqsPK3lduX7JsfTOq5feP+S6SyoyydFBco8U5V33Xj/B4666YCXxdM=
95,lKeQpINTWs5Ydi5qc/QB7wUt2YBvPGoLYCFPRSAEzgUYcfQJzzD2rQzmEQ==,L8gAXXo1IM7ScCW4hXpbj6oOe1riJdo7Z4xAlqeB4+ifN7Y=,2DPluVQ1UMuKpi3beaSYcR/yf5sXKHvcLnP6JvKizyFavuU=,qgzNi8OH9vF60W/+hWDgFXfJRX/UzQNHTYWz9Hk3GtXEklBn2M2dUA==,Mali,98cn8bQRrI1xlf1WK/0NTkyVkkfRWjhAcjOiy6DgvzcQ4lUwIDFiN97d8zoVnpDodA==,vrw2YmpFewVmc0S01U70UOsikd5ZqedEWSZFmi5jHYGBItNtlNPc3dyguhw=,W7NpxW+uxMBuxJmq41qWG3jiGjMiXzil9WvKCnXmD9sDAZFz3vSAa0hc15QsqDRPj4eSSg==,2022-02-17,B7SLLjGIOWApbMW+Zbk7fvvGD/6HQJCVga0hkA02vnZmSpLmFhISA24GAp1jZA==
96,v30r3VHez/gk9DWojSXZLW/Sfv9gXow05KORLQkE488/t/JY+jDw5teKVQ==,MYwF7alFrO4tMQxlIdY+Ky5ugqZYGBxDFjZ6Ysh//yU=,MOXhoLLnOLvUgJ76rIH9uywjZ8W8P3TX84JbmRf6UsEg,SvueE6+FX8gCpedqH8s5pU4qKjgA6VYPbgk1heQJnNAe4eqGNk+R4g==,Guyana,v2/dRBfXFg+bbT4syp2fpu26oa8sizgzRlgrhju3mx1AV4e0qtvZnXOjkmDmoGg=,5qfwBwaOvDHYXSeNJb4skPh5jCdeKMUS1GIziZUcKU2nWjuNSYFbXmfBOir/LJk4,Hf2xwDzl5U7dL9c0Yf7DNMGwWnt9CIRJgUiSzo47gKSCTQufe34iq1wGHLg=,2022-01-30,q5gWku96JhzLPEWmHwZA8y+76DgQ9qyf8VNl+FgeMjSxbpxmBqiAgtmylm1msNQ/NUqN
97,Od0O8e94nFSKXB4fvqbgLFWQVLLdqAtcOBsNfVJgd3onRRv7Mpwh5hiHAw==,alVcLcrKLNgOMdH2DwrUC+GGb5ILZ/FPeWKFcUfzKsA=,AA2ex0g1j3BVAaE6AgleAZx+fGxDrQB4nRQoMrxjTLOlIpbb,MfpoBnc1IDKCPTgJV+CoCeL8/f9w0Ul5DZ3KnLCuGJ7J9AOrNIxkvw==,Sri Lanka,M85Sl2Pegg+NO5RXeYCgYpvNIJxW91ldBEL6F/nM+8vkcTqnJwn0FV58BA==,/D0rlPF5u4R5YYtHtXdzRiAU9oPL6Nsy8t4cSbVGmXeFlukociVyDw==,doCryIvvn3tjKYdngflzLzoNMvMBu+Dk3NokHETAyrrp+7HIzGxxxfvZOzTV,2021-07-10,dczvnRaSLbCZu3Fr7AHrQ5qcO/utZALORoQcLRKTbb1vy1MiCcF7/oou7CGFgvX0wBHfyGJ+
98,mT7mpkMQI+7d6f7SfTJPQOWAl4wGdJomUzndzVaPwQx5la4i0s09O3Ltkw==,zbqK8S0Jo93rBXorKRmkuLlfmupwOpavCG22Clg7ml8=,MVTd93p9xiV+sHP9+lk7jpSbdX7UIz/RNEf8bL/kiS/aDQ==,PyHNyrE15le4xhBcYtBIs6Y1vM4NVdIN+a8AfA/T+LeuNpUg4Js=,Solomon Islands,AKktfvOkM+5crBGzsZZHERSaYk5gupN775h50Q8gf4Kl6ld1UY232nAd/kS8Hrws,oA10xDpirHgGXqJOulSnSi8uclhfH4c/WfMSCDZrK4lwp4y4JA7ZhV6dGQFA5/boQA==,MQqkysAQdq0atJc/z8knM72m8ww09LUBlgSl777/eTYjyD1pVm71D/1heMk=,2021-09-18,4HkwrR9dkc/hp39CvFOByU60sYPNTlYyo/Ds9yuQoYr91ALJEmQjrz7SOrQRda3jUg==
99,wLB+gCCUci06AnwoaUIob8EwUasqHZHPRx/toXtk5QF+Q5sMh5qV72jO4Q==,TYJycdUdAga9rPoPb6kjN+ON2wsX7nG/17BVB+hCdhxlcQ==,iMC+GVry3j3XzLfjdkELTSupKtLwu2tSI8ZgHeeX/9jAnA==,soDj+nDEi8ywSBsjwtI8itJ5eXRYHqedwDjNz0M6V40EL44cdYBUEnRINQ==,Aruba,Luf5a36Gv//ibkypi+qZcJ0/1RCzn7IOGx6jEUjJa8sqea4PCBE5EOE=,WhkZlg9ap+HEHf1O54SF5CTIIjxmKShBzYo6H8lY8tTdcSeUmU1bXqYS4nwlSOAUs48=,KwthvWM5xwsatNMiIbanlP4JHXWoxGGBoj8hG877pHW5AYlgUuFFg+65T4yvbrMe/JhzASL8yf0fdw==,2021-08-11,AsYEMP3HLG9hj6XK6jNxBkm1504ecjGCsPp8lYeZ/o+3raN7+V7DxpelkEBXgwBm
100,MQGDcv/pD3Ex3Jg1XhxtIWnO7nYB2le/sS1ZmRhbX5TDIsAkyONEJVT5YQ==,ilr5O+CXyDG9Hfw87yghRobQ3wegu6GSEpmiYf8i+cgBOuAy,Udksygbbtqn4vv9OXj5uDRe3BrGIulC1Y9Rsc1UJzhHnAA==,TWoUU2RyvbQGptPoLzI50hsoaffuLCDiLndVa0Wut5HQOLeV8g==,Honduras,R9+E2eLyiSkJdvgXCFcFtjTlGhVo7RAdcbWUDs2EMungTHx36J9+63Y=,VveVotkWlFE8XDPGMMqGVEIpVggJgJr98ztIyDsgjbTE7vCTtMWj5Q==,UGCV/pA26GMqPe5HXLmpVAH0b2Oo0RX+fVtEPyEX109wSVzeLDwI/+x2DalAaarx70E=,2020-03-11,FX1kO4rJlO8Dtes5V1ZhHZdPTHaQ9P7aXET7WWBM0xYQE6+SzWnPsNJhIsOTEv65ZifLy7yv/oJ2Nl531w==
